ISO-10303-21;
HEADER;
FILE_DESCRIPTION(('Designed by EasyEDA Pro'),'2;1');
FILE_NAME('Open CASCADE Shape Model','2026-08-23T19:43:28',('Author'),(
    'Open CASCADE'),'Open CASCADE STEP processor 7.8','Open CASCADE 7.8'
  ,'Unknown');
FILE_SCHEMA(('AUTOMOTIVE_DESIGN { 1 0 10303 214 1 1 1 1 }'));
ENDSEC;
DATA;

#1 = APPLICATION_PROTOCOL_DEFINITION('international standard',  'automotive_design',2000,#2);
#2 = APPLICATION_CONTEXT(  'core data for automotive mechanical design processes');
#3 = SHAPE_DEFINITION_REPRESENTATION(#4,#10);
#4 = PRODUCT_DEFINITION_SHAPE('','',#5);
#5 = PRODUCT_DEFINITION('design','',#6,#9);
#6 = PRODUCT_DEFINITION_FORMATION('','',#7);
#7 = PRODUCT('EasyEDA PCB Model~3fdd','EasyEDA PCB Model~3fdd','',(#8));
#8 = PRODUCT_CONTEXT('',#2,'mechanical');
#9 = PRODUCT_DEFINITION_CONTEXT('part definition',#2,'design');
#10=SHAPE_REPRESENTATION('',(#11,#15,#19,#23,#27,#31,#35,#39),#43);
#11 = AXIS2_PLACEMENT_3D('',#12,#13,#14);
#12 = CARTESIAN_POINT('',(0.,0.,0.));
#13 = DIRECTION('',(0.,0.,1.));
#14 = DIRECTION('',(1.,0.,-0.));
#15 = AXIS2_PLACEMENT_3D('',#16,#17,#18);
#16 = CARTESIAN_POINT('',(0.,0.,0.));
#17 = DIRECTION('',(0.,0.,1.));
#18 = DIRECTION('',(1.,0.,-0.));
#19 = AXIS2_PLACEMENT_3D('',#20,#21,#22);
#20 = CARTESIAN_POINT('',(0.,0.,0.));
#21 = DIRECTION('',(0.,0.,1.));
#22 = DIRECTION('',(1.,0.,-0.));
#23 = AXIS2_PLACEMENT_3D('',#24,#25,#26);
#24 = CARTESIAN_POINT('',(0.,0.,0.));
#25 = DIRECTION('',(0.,0.,1.));
#26 = DIRECTION('',(1.,0.,-0.));
#27 = AXIS2_PLACEMENT_3D('',#28,#29,#30);
#28 = CARTESIAN_POINT('',(0.,0.,0.));
#29 = DIRECTION('',(0.,0.,1.));
#30 = DIRECTION('',(1.,0.,-0.));
#31 = AXIS2_PLACEMENT_3D('',#32,#33,#34);
#32 = CARTESIAN_POINT('',(0.,0.,0.));
#33 = DIRECTION('',(0.,0.,1.));
#34 = DIRECTION('',(1.,0.,-0.));
#35 = AXIS2_PLACEMENT_3D('',#36,#37,#38);
#36 = CARTESIAN_POINT('',(0.,0.,0.));
#37 = DIRECTION('',(0.,0.,1.));
#38 = DIRECTION('',(1.,0.,-0.));
#39 = AXIS2_PLACEMENT_3D('',#40,#41,#42);
#40 = CARTESIAN_POINT('',(0.,0.,0.));
#41 = DIRECTION('',(0.,0.,1.));
#42 = DIRECTION('',(1.,0.,-0.));
#43 = ( GEOMETRIC_REPRESENTATION_CONTEXT(3) GLOBAL_UNCERTAINTY_ASSIGNED_CONTEXT((#47)) GLOBAL_UNIT_ASSIGNED_CONTEXT((#44,#45,#46)) REPRESENTATION_CONTEXT('Context #1',  '3D Context with UNIT and UNCERTAINTY') );
#44 = ( LENGTH_UNIT() NAMED_UNIT(*) SI_UNIT(.MILLI.,.METRE.) );
#45 = ( NAMED_UNIT(*) PLANE_ANGLE_UNIT() SI_UNIT($,.RADIAN.) );
#46 = ( NAMED_UNIT(*) SI_UNIT($,.STERADIAN.) SOLID_ANGLE_UNIT() );
#47 = UNCERTAINTY_MEASURE_WITH_UNIT(LENGTH_MEASURE(1.E-07),#44,  'distance_accuracy_value','confusion accuracy');
#48 = PRODUCT_RELATED_PRODUCT_CATEGORY('part',$,(#7));
#49 = SHAPE_DEFINITION_REPRESENTATION(#50,#56);
#50 = PRODUCT_DEFINITION_SHAPE('','',#51);
#51 = PRODUCT_DEFINITION('design','',#52,#55);
#52 = PRODUCT_DEFINITION_FORMATION('','',#53);
#53 = PRODUCT('Board~3fdd','Board~3fdd','',(#54));
#54 = PRODUCT_CONTEXT('',#2,'mechanical');
#55 = PRODUCT_DEFINITION_CONTEXT('part definition',#2,'design');
#56 = ADVANCED_BREP_SHAPE_REPRESENTATION('',(#11,#57),#4475);
#57 = MANIFOLD_SOLID_BREP('',#58);
#58 = CLOSED_SHELL('',(#59,#99,#130,#161,#183,#225,#249,#291,#315,#357,    #381,#423,#447,#489,#513,#555,#579,#621,#645,#687,#711,#753,#777,    #819,#843,#885,#909,#951,#975,#1017,#1041,#1083,#1107,#1149,#1173,    #1215,#1239,#1281,#1305,#1347,#1371,#1413,#1437,#1479,#1503,#1545,    #1569,#1611,#1635,#1677,#1701,#1743,#1767,#1809,#1833,#1875,#1899,    #1941,#1965,#2007,#2031,#2073,#2097,#2139,#2163,#2205,#2229,#2271,    #2295,#2337,#2361,#2403,#2427,#2469,#2493,#2535,#2559,#2601,#2625,    #2667,#2691,#2733,#2757,#2799,#2823,#2865,#2889,#2931,#2955,#2997,    #3021,#3063,#3087,#3129,#3153,#3195,#3219,#3259,#3292,#3323,#3347,    #3387,#3420,#3451,#3475,#3515,#3548,#3579,#3603,#3645,#3669,#3711,    #3735,#3777,#3801,#3843,#3867,#3909,#3933,#3975,#3999,#4237));
#59 = ADVANCED_FACE('',(#60),#94,.T.);
#60 = FACE_BOUND('',#61,.T.);
#61 = EDGE_LOOP('',(#62,#72,#80,#88));
#62 = ORIENTED_EDGE('',*,*,#63,.T.);
#63 = EDGE_CURVE('',#64,#66,#68,.T.);
#64 = VERTEX_POINT('',#65);
#65 = CARTESIAN_POINT('',(99.987500635001,-1.270002540005E-02,0.));
#66 = VERTEX_POINT('',#67);
#67 = CARTESIAN_POINT('',(99.987500635001,-1.270002540005E-02,    1.600050800102));
#68 = LINE('',#69,#70);
#69 = CARTESIAN_POINT('',(99.987500635001,-1.270002540005E-02,0.));
#70 = VECTOR('',#71,1.);
#71 = DIRECTION('',(0.,0.,1.));
#72 = ORIENTED_EDGE('',*,*,#73,.T.);
#73 = EDGE_CURVE('',#66,#74,#76,.T.);
#74 = VERTEX_POINT('',#75);
#75 = CARTESIAN_POINT('',(99.987500635001,-49.98739903479,1.600050800102    ));
#76 = LINE('',#77,#78);
#77 = CARTESIAN_POINT('',(99.987500635001,-1.270002540005E-02,    1.600050800102));
#78 = VECTOR('',#79,1.);
#79 = DIRECTION('',(0.,-1.,0.));
#80 = ORIENTED_EDGE('',*,*,#81,.F.);
#81 = EDGE_CURVE('',#82,#74,#84,.T.);
#82 = VERTEX_POINT('',#83);
#83 = CARTESIAN_POINT('',(99.987500635001,-49.98739903479,0.));
#84 = LINE('',#85,#86);
#85 = CARTESIAN_POINT('',(99.987500635001,-49.98739903479,0.));
#86 = VECTOR('',#87,1.);
#87 = DIRECTION('',(0.,0.,1.));
#88 = ORIENTED_EDGE('',*,*,#89,.F.);
#89 = EDGE_CURVE('',#64,#82,#90,.T.);
#90 = LINE('',#91,#92);
#91 = CARTESIAN_POINT('',(99.987500635001,-1.270002540005E-02,0.));
#92 = VECTOR('',#93,1.);
#93 = DIRECTION('',(0.,-1.,0.));
#94 = PLANE('',#95);
#95 = AXIS2_PLACEMENT_3D('',#96,#97,#98);
#96 = CARTESIAN_POINT('',(99.987500635001,-1.270002540005E-02,0.));
#97 = DIRECTION('',(1.,0.,-0.));
#98 = DIRECTION('',(0.,-1.,0.));
#99 = ADVANCED_FACE('',(#100),#125,.T.);
#100 = FACE_BOUND('',#101,.T.);
#101 = EDGE_LOOP('',(#102,#103,#111,#119));
#102 = ORIENTED_EDGE('',*,*,#81,.T.);
#103 = ORIENTED_EDGE('',*,*,#104,.T.);
#104 = EDGE_CURVE('',#74,#105,#107,.T.);
#105 = VERTEX_POINT('',#106);
#106 = CARTESIAN_POINT('',(1.270002540005E-02,-49.98739903479,    1.600050800102));
#107 = LINE('',#108,#109);
#108 = CARTESIAN_POINT('',(99.987500635001,-49.98739903479,    1.600050800102));
#109 = VECTOR('',#110,1.);
#110 = DIRECTION('',(-1.,0.,0.));
#111 = ORIENTED_EDGE('',*,*,#112,.F.);
#112 = EDGE_CURVE('',#113,#105,#115,.T.);
#113 = VERTEX_POINT('',#114);
#114 = CARTESIAN_POINT('',(1.270002540005E-02,-49.98739903479,0.));
#115 = LINE('',#116,#117);
#116 = CARTESIAN_POINT('',(1.270002540005E-02,-49.98739903479,0.));
#117 = VECTOR('',#118,1.);
#118 = DIRECTION('',(0.,0.,1.));
#119 = ORIENTED_EDGE('',*,*,#120,.F.);
#120 = EDGE_CURVE('',#82,#113,#121,.T.);
#121 = LINE('',#122,#123);
#122 = CARTESIAN_POINT('',(99.987500635001,-49.98739903479,0.));
#123 = VECTOR('',#124,1.);
#124 = DIRECTION('',(-1.,0.,0.));
#125 = PLANE('',#126);
#126 = AXIS2_PLACEMENT_3D('',#127,#128,#129);
#127 = CARTESIAN_POINT('',(99.987500635001,-49.98739903479,0.));
#128 = DIRECTION('',(0.,-1.,0.));
#129 = DIRECTION('',(-1.,0.,0.));
#130 = ADVANCED_FACE('',(#131),#156,.T.);
#131 = FACE_BOUND('',#132,.T.);
#132 = EDGE_LOOP('',(#133,#134,#142,#150));
#133 = ORIENTED_EDGE('',*,*,#112,.T.);
#134 = ORIENTED_EDGE('',*,*,#135,.T.);
#135 = EDGE_CURVE('',#105,#136,#138,.T.);
#136 = VERTEX_POINT('',#137);
#137 = CARTESIAN_POINT('',(1.270002540005E-02,-1.270002540005E-02,    1.600050800102));
#138 = LINE('',#139,#140);
#139 = CARTESIAN_POINT('',(1.270002540005E-02,-49.98739903479,    1.600050800102));
#140 = VECTOR('',#141,1.);
#141 = DIRECTION('',(0.,1.,0.));
#142 = ORIENTED_EDGE('',*,*,#143,.F.);
#143 = EDGE_CURVE('',#144,#136,#146,.T.);
#144 = VERTEX_POINT('',#145);
#145 = CARTESIAN_POINT('',(1.270002540005E-02,-1.270002540005E-02,0.));
#146 = LINE('',#147,#148);
#147 = CARTESIAN_POINT('',(1.270002540005E-02,-1.270002540005E-02,0.));
#148 = VECTOR('',#149,1.);
#149 = DIRECTION('',(0.,0.,1.));
#150 = ORIENTED_EDGE('',*,*,#151,.F.);
#151 = EDGE_CURVE('',#113,#144,#152,.T.);
#152 = LINE('',#153,#154);
#153 = CARTESIAN_POINT('',(1.270002540005E-02,-49.98739903479,0.));
#154 = VECTOR('',#155,1.);
#155 = DIRECTION('',(0.,1.,0.));
#156 = PLANE('',#157);
#157 = AXIS2_PLACEMENT_3D('',#158,#159,#160);
#158 = CARTESIAN_POINT('',(1.270002540005E-02,-49.98739903479,0.));
#159 = DIRECTION('',(-1.,0.,0.));
#160 = DIRECTION('',(0.,1.,0.));
#161 = ADVANCED_FACE('',(#162),#178,.T.);
#162 = FACE_BOUND('',#163,.T.);
#163 = EDGE_LOOP('',(#164,#165,#171,#172));
#164 = ORIENTED_EDGE('',*,*,#143,.T.);
#165 = ORIENTED_EDGE('',*,*,#166,.T.);
#166 = EDGE_CURVE('',#136,#66,#167,.T.);
#167 = LINE('',#168,#169);
#168 = CARTESIAN_POINT('',(1.270002540005E-02,-1.270002540005E-02,    1.600050800102));
#169 = VECTOR('',#170,1.);
#170 = DIRECTION('',(1.,0.,0.));
#171 = ORIENTED_EDGE('',*,*,#63,.F.);
#172 = ORIENTED_EDGE('',*,*,#173,.F.);
#173 = EDGE_CURVE('',#144,#64,#174,.T.);
#174 = LINE('',#175,#176);
#175 = CARTESIAN_POINT('',(1.270002540005E-02,-1.270002540005E-02,0.));
#176 = VECTOR('',#177,1.);
#177 = DIRECTION('',(1.,0.,0.));
#178 = PLANE('',#179);
#179 = AXIS2_PLACEMENT_3D('',#180,#181,#182);
#180 = CARTESIAN_POINT('',(1.270002540005E-02,-1.270002540005E-02,0.));
#181 = DIRECTION('',(0.,1.,0.));
#182 = DIRECTION('',(1.,0.,0.));
#183 = ADVANCED_FACE('',(#184),#220,.F.);
#184 = FACE_BOUND('',#185,.T.);
#185 = EDGE_LOOP('',(#186,#196,#205,#213));
#186 = ORIENTED_EDGE('',*,*,#187,.T.);
#187 = EDGE_CURVE('',#188,#190,#192,.T.);
#188 = VERTEX_POINT('',#189);
#189 = CARTESIAN_POINT('',(4.77467995936,-46.8267030734,0.));
#190 = VERTEX_POINT('',#191);
#191 = CARTESIAN_POINT('',(4.77467995936,-46.8267030734,1.600050800102)  );
#192 = LINE('',#193,#194);
#193 = CARTESIAN_POINT('',(4.77467995936,-46.8267030734,0.));
#194 = VECTOR('',#195,1.);
#195 = DIRECTION('',(0.,0.,1.));
#196 = ORIENTED_EDGE('',*,*,#197,.T.);
#197 = EDGE_CURVE('',#190,#198,#200,.T.);
#198 = VERTEX_POINT('',#199);
#199 = CARTESIAN_POINT('',(1.574672339345,-46.8267030734,1.600050800102)  );
#200 = CIRCLE('',#201,1.600003810008);
#201 = AXIS2_PLACEMENT_3D('',#202,#203,#204);
#202 = CARTESIAN_POINT('',(3.174676149352,-46.8267030734,1.600050800102)  );
#203 = DIRECTION('',(0.,0.,1.));
#204 = DIRECTION('',(1.,1.110223024625E-16,-0.));
#205 = ORIENTED_EDGE('',*,*,#206,.F.);
#206 = EDGE_CURVE('',#207,#198,#209,.T.);
#207 = VERTEX_POINT('',#208);
#208 = CARTESIAN_POINT('',(1.574672339345,-46.8267030734,0.));
#209 = LINE('',#210,#211);
#210 = CARTESIAN_POINT('',(1.574672339345,-46.8267030734,0.));
#211 = VECTOR('',#212,1.);
#212 = DIRECTION('',(0.,0.,1.));
#213 = ORIENTED_EDGE('',*,*,#214,.F.);
#214 = EDGE_CURVE('',#188,#207,#215,.T.);
#215 = CIRCLE('',#216,1.600003810008);
#216 = AXIS2_PLACEMENT_3D('',#217,#218,#219);
#217 = CARTESIAN_POINT('',(3.174676149352,-46.8267030734,0.));
#218 = DIRECTION('',(0.,0.,1.));
#219 = DIRECTION('',(1.,1.110223024625E-16,-0.));
#220 = CYLINDRICAL_SURFACE('',#221,1.600003810008);
#221 = AXIS2_PLACEMENT_3D('',#222,#223,#224);
#222 = CARTESIAN_POINT('',(3.174676149352,-46.8267030734,0.));
#223 = DIRECTION('',(-0.,-0.,-1.));
#224 = DIRECTION('',(1.,1.110223024625E-16,-0.));
#225 = ADVANCED_FACE('',(#226),#244,.F.);
#226 = FACE_BOUND('',#227,.T.);
#227 = EDGE_LOOP('',(#228,#229,#236,#237));
#228 = ORIENTED_EDGE('',*,*,#206,.T.);
#229 = ORIENTED_EDGE('',*,*,#230,.T.);
#230 = EDGE_CURVE('',#198,#190,#231,.T.);
#231 = CIRCLE('',#232,1.600003810008);
#232 = AXIS2_PLACEMENT_3D('',#233,#234,#235);
#233 = CARTESIAN_POINT('',(3.174676149352,-46.8267030734,1.600050800102)  );
#234 = DIRECTION('',(0.,0.,1.));
#235 = DIRECTION('',(-1.,-1.110223024625E-16,0.));
#236 = ORIENTED_EDGE('',*,*,#187,.F.);
#237 = ORIENTED_EDGE('',*,*,#238,.F.);
#238 = EDGE_CURVE('',#207,#188,#239,.T.);
#239 = CIRCLE('',#240,1.600003810008);
#240 = AXIS2_PLACEMENT_3D('',#241,#242,#243);
#241 = CARTESIAN_POINT('',(3.174676149352,-46.8267030734,0.));
#242 = DIRECTION('',(0.,0.,1.));
#243 = DIRECTION('',(-1.,-1.110223024625E-16,0.));
#244 = CYLINDRICAL_SURFACE('',#245,1.600003810008);
#245 = AXIS2_PLACEMENT_3D('',#246,#247,#248);
#246 = CARTESIAN_POINT('',(3.174676149352,-46.8267030734,0.));
#247 = DIRECTION('',(-0.,-0.,-1.));
#248 = DIRECTION('',(-1.,-1.110223024625E-16,0.));
#249 = ADVANCED_FACE('',(#250),#286,.F.);
#250 = FACE_BOUND('',#251,.T.);
#251 = EDGE_LOOP('',(#252,#262,#271,#279));
#252 = ORIENTED_EDGE('',*,*,#253,.T.);
#253 = EDGE_CURVE('',#254,#256,#258,.T.);
#254 = VERTEX_POINT('',#255);
#255 = CARTESIAN_POINT('',(4.77501016002,-3.175006350013,0.));
#256 = VERTEX_POINT('',#257);
#257 = CARTESIAN_POINT('',(4.77501016002,-3.175006350013,1.600050800102)  );
#258 = LINE('',#259,#260);
#259 = CARTESIAN_POINT('',(4.77501016002,-3.175006350013,0.));
#260 = VECTOR('',#261,1.);
#261 = DIRECTION('',(0.,0.,1.));
#262 = ORIENTED_EDGE('',*,*,#263,.T.);
#263 = EDGE_CURVE('',#256,#264,#266,.T.);
#264 = VERTEX_POINT('',#265);
#265 = CARTESIAN_POINT('',(1.575002540005,-3.175006350013,1.600050800102    ));
#266 = CIRCLE('',#267,1.600003810008);
#267 = AXIS2_PLACEMENT_3D('',#268,#269,#270);
#268 = CARTESIAN_POINT('',(3.175006350013,-3.175006350013,1.600050800102    ));
#269 = DIRECTION('',(0.,0.,1.));
#270 = DIRECTION('',(1.,1.110223024625E-16,-0.));
#271 = ORIENTED_EDGE('',*,*,#272,.F.);
#272 = EDGE_CURVE('',#273,#264,#275,.T.);
#273 = VERTEX_POINT('',#274);
#274 = CARTESIAN_POINT('',(1.575002540005,-3.175006350013,0.));
#275 = LINE('',#276,#277);
#276 = CARTESIAN_POINT('',(1.575002540005,-3.175006350013,0.));
#277 = VECTOR('',#278,1.);
#278 = DIRECTION('',(0.,0.,1.));
#279 = ORIENTED_EDGE('',*,*,#280,.F.);
#280 = EDGE_CURVE('',#254,#273,#281,.T.);
#281 = CIRCLE('',#282,1.600003810008);
#282 = AXIS2_PLACEMENT_3D('',#283,#284,#285);
#283 = CARTESIAN_POINT('',(3.175006350013,-3.175006350013,0.));
#284 = DIRECTION('',(0.,0.,1.));
#285 = DIRECTION('',(1.,1.110223024625E-16,-0.));
#286 = CYLINDRICAL_SURFACE('',#287,1.600003810008);
#287 = AXIS2_PLACEMENT_3D('',#288,#289,#290);
#288 = CARTESIAN_POINT('',(3.175006350013,-3.175006350013,0.));
#289 = DIRECTION('',(-0.,-0.,-1.));
#290 = DIRECTION('',(1.,1.110223024625E-16,-0.));
#291 = ADVANCED_FACE('',(#292),#310,.F.);
#292 = FACE_BOUND('',#293,.T.);
#293 = EDGE_LOOP('',(#294,#295,#302,#303));
#294 = ORIENTED_EDGE('',*,*,#272,.T.);
#295 = ORIENTED_EDGE('',*,*,#296,.T.);
#296 = EDGE_CURVE('',#264,#256,#297,.T.);
#297 = CIRCLE('',#298,1.600003810008);
#298 = AXIS2_PLACEMENT_3D('',#299,#300,#301);
#299 = CARTESIAN_POINT('',(3.175006350013,-3.175006350013,1.600050800102    ));
#300 = DIRECTION('',(0.,0.,1.));
#301 = DIRECTION('',(-1.,-1.110223024625E-16,0.));
#302 = ORIENTED_EDGE('',*,*,#253,.F.);
#303 = ORIENTED_EDGE('',*,*,#304,.F.);
#304 = EDGE_CURVE('',#273,#254,#305,.T.);
#305 = CIRCLE('',#306,1.600003810008);
#306 = AXIS2_PLACEMENT_3D('',#307,#308,#309);
#307 = CARTESIAN_POINT('',(3.175006350013,-3.175006350013,0.));
#308 = DIRECTION('',(0.,0.,1.));
#309 = DIRECTION('',(-1.,-1.110223024625E-16,0.));
#310 = CYLINDRICAL_SURFACE('',#311,1.600003810008);
#311 = AXIS2_PLACEMENT_3D('',#312,#313,#314);
#312 = CARTESIAN_POINT('',(3.175006350013,-3.175006350013,0.));
#313 = DIRECTION('',(-0.,-0.,-1.));
#314 = DIRECTION('',(-1.,-1.110223024625E-16,0.));
#315 = ADVANCED_FACE('',(#316),#352,.F.);
#316 = FACE_BOUND('',#317,.T.);
#317 = EDGE_LOOP('',(#318,#328,#337,#345));
#318 = ORIENTED_EDGE('',*,*,#319,.T.);
#319 = EDGE_CURVE('',#320,#322,#324,.T.);
#320 = VERTEX_POINT('',#321);
#321 = CARTESIAN_POINT('',(10.202032004064,-26.19936499873,0.));
#322 = VERTEX_POINT('',#323);
#323 = CARTESIAN_POINT('',(10.202032004064,-26.19936499873,    1.600050800102));
#324 = LINE('',#325,#326);
#325 = CARTESIAN_POINT('',(10.202032004064,-26.19936499873,0.));
#326 = VECTOR('',#327,1.);
#327 = DIRECTION('',(0.,0.,1.));
#328 = ORIENTED_EDGE('',*,*,#329,.T.);
#329 = EDGE_CURVE('',#322,#330,#332,.T.);
#330 = VERTEX_POINT('',#331);
#331 = CARTESIAN_POINT('',(9.102006604013,-26.19936499873,1.600050800102    ));
#332 = CIRCLE('',#333,0.550012700025);
#333 = AXIS2_PLACEMENT_3D('',#334,#335,#336);
#334 = CARTESIAN_POINT('',(9.652019304039,-26.19936499873,1.600050800102    ));
#335 = DIRECTION('',(0.,0.,1.));
#336 = DIRECTION('',(1.,1.110223024625E-16,-0.));
#337 = ORIENTED_EDGE('',*,*,#338,.F.);
#338 = EDGE_CURVE('',#339,#330,#341,.T.);
#339 = VERTEX_POINT('',#340);
#340 = CARTESIAN_POINT('',(9.102006604013,-26.19936499873,0.));
#341 = LINE('',#342,#343);
#342 = CARTESIAN_POINT('',(9.102006604013,-26.19936499873,0.));
#343 = VECTOR('',#344,1.);
#344 = DIRECTION('',(0.,0.,1.));
#345 = ORIENTED_EDGE('',*,*,#346,.F.);
#346 = EDGE_CURVE('',#320,#339,#347,.T.);
#347 = CIRCLE('',#348,0.550012700025);
#348 = AXIS2_PLACEMENT_3D('',#349,#350,#351);
#349 = CARTESIAN_POINT('',(9.652019304039,-26.19936499873,0.));
#350 = DIRECTION('',(0.,0.,1.));
#351 = DIRECTION('',(1.,1.110223024625E-16,-0.));
#352 = CYLINDRICAL_SURFACE('',#353,0.550012700025);
#353 = AXIS2_PLACEMENT_3D('',#354,#355,#356);
#354 = CARTESIAN_POINT('',(9.652019304039,-26.19936499873,0.));
#355 = DIRECTION('',(-0.,-0.,-1.));
#356 = DIRECTION('',(1.,1.110223024625E-16,-0.));
#357 = ADVANCED_FACE('',(#358),#376,.F.);
#358 = FACE_BOUND('',#359,.T.);
#359 = EDGE_LOOP('',(#360,#361,#368,#369));
#360 = ORIENTED_EDGE('',*,*,#338,.T.);
#361 = ORIENTED_EDGE('',*,*,#362,.T.);
#362 = EDGE_CURVE('',#330,#322,#363,.T.);
#363 = CIRCLE('',#364,0.550012700025);
#364 = AXIS2_PLACEMENT_3D('',#365,#366,#367);
#365 = CARTESIAN_POINT('',(9.652019304039,-26.19936499873,1.600050800102    ));
#366 = DIRECTION('',(0.,0.,1.));
#367 = DIRECTION('',(-1.,-1.110223024625E-16,0.));
#368 = ORIENTED_EDGE('',*,*,#319,.F.);
#369 = ORIENTED_EDGE('',*,*,#370,.F.);
#370 = EDGE_CURVE('',#339,#320,#371,.T.);
#371 = CIRCLE('',#372,0.550012700025);
#372 = AXIS2_PLACEMENT_3D('',#373,#374,#375);
#373 = CARTESIAN_POINT('',(9.652019304039,-26.19936499873,0.));
#374 = DIRECTION('',(0.,0.,1.));
#375 = DIRECTION('',(-1.,-1.110223024625E-16,0.));
#376 = CYLINDRICAL_SURFACE('',#377,0.550012700025);
#377 = AXIS2_PLACEMENT_3D('',#378,#379,#380);
#378 = CARTESIAN_POINT('',(9.652019304039,-26.19936499873,0.));
#379 = DIRECTION('',(-0.,-0.,-1.));
#380 = DIRECTION('',(-1.,-1.110223024625E-16,0.));
#381 = ADVANCED_FACE('',(#382),#418,.F.);
#382 = FACE_BOUND('',#383,.T.);
#383 = EDGE_LOOP('',(#384,#394,#403,#411));
#384 = ORIENTED_EDGE('',*,*,#385,.T.);
#385 = EDGE_CURVE('',#386,#388,#390,.T.);
#386 = VERTEX_POINT('',#387);
#387 = CARTESIAN_POINT('',(10.202032004064,-28.73937007874,0.));
#388 = VERTEX_POINT('',#389);
#389 = CARTESIAN_POINT('',(10.202032004064,-28.73937007874,    1.600050800102));
#390 = LINE('',#391,#392);
#391 = CARTESIAN_POINT('',(10.202032004064,-28.73937007874,0.));
#392 = VECTOR('',#393,1.);
#393 = DIRECTION('',(0.,0.,1.));
#394 = ORIENTED_EDGE('',*,*,#395,.T.);
#395 = EDGE_CURVE('',#388,#396,#398,.T.);
#396 = VERTEX_POINT('',#397);
#397 = CARTESIAN_POINT('',(9.102006604013,-28.73937007874,1.600050800102    ));
#398 = CIRCLE('',#399,0.550012700025);
#399 = AXIS2_PLACEMENT_3D('',#400,#401,#402);
#400 = CARTESIAN_POINT('',(9.652019304039,-28.73937007874,1.600050800102    ));
#401 = DIRECTION('',(0.,0.,1.));
#402 = DIRECTION('',(1.,1.110223024625E-16,-0.));
#403 = ORIENTED_EDGE('',*,*,#404,.F.);
#404 = EDGE_CURVE('',#405,#396,#407,.T.);
#405 = VERTEX_POINT('',#406);
#406 = CARTESIAN_POINT('',(9.102006604013,-28.73937007874,0.));
#407 = LINE('',#408,#409);
#408 = CARTESIAN_POINT('',(9.102006604013,-28.73937007874,0.));
#409 = VECTOR('',#410,1.);
#410 = DIRECTION('',(0.,0.,1.));
#411 = ORIENTED_EDGE('',*,*,#412,.F.);
#412 = EDGE_CURVE('',#386,#405,#413,.T.);
#413 = CIRCLE('',#414,0.550012700025);
#414 = AXIS2_PLACEMENT_3D('',#415,#416,#417);
#415 = CARTESIAN_POINT('',(9.652019304039,-28.73937007874,0.));
#416 = DIRECTION('',(0.,0.,1.));
#417 = DIRECTION('',(1.,1.110223024625E-16,-0.));
#418 = CYLINDRICAL_SURFACE('',#419,0.550012700025);
#419 = AXIS2_PLACEMENT_3D('',#420,#421,#422);
#420 = CARTESIAN_POINT('',(9.652019304039,-28.73937007874,0.));
#421 = DIRECTION('',(-0.,-0.,-1.));
#422 = DIRECTION('',(1.,1.110223024625E-16,-0.));
#423 = ADVANCED_FACE('',(#424),#442,.F.);
#424 = FACE_BOUND('',#425,.T.);
#425 = EDGE_LOOP('',(#426,#427,#434,#435));
#426 = ORIENTED_EDGE('',*,*,#404,.T.);
#427 = ORIENTED_EDGE('',*,*,#428,.T.);
#428 = EDGE_CURVE('',#396,#388,#429,.T.);
#429 = CIRCLE('',#430,0.550012700025);
#430 = AXIS2_PLACEMENT_3D('',#431,#432,#433);
#431 = CARTESIAN_POINT('',(9.652019304039,-28.73937007874,1.600050800102    ));
#432 = DIRECTION('',(0.,0.,1.));
#433 = DIRECTION('',(-1.,-1.110223024625E-16,0.));
#434 = ORIENTED_EDGE('',*,*,#385,.F.);
#435 = ORIENTED_EDGE('',*,*,#436,.F.);
#436 = EDGE_CURVE('',#405,#386,#437,.T.);
#437 = CIRCLE('',#438,0.550012700025);
#438 = AXIS2_PLACEMENT_3D('',#439,#440,#441);
#439 = CARTESIAN_POINT('',(9.652019304039,-28.73937007874,0.));
#440 = DIRECTION('',(0.,0.,1.));
#441 = DIRECTION('',(-1.,-1.110223024625E-16,0.));
#442 = CYLINDRICAL_SURFACE('',#443,0.550012700025);
#443 = AXIS2_PLACEMENT_3D('',#444,#445,#446);
#444 = CARTESIAN_POINT('',(9.652019304039,-28.73937007874,0.));
#445 = DIRECTION('',(-0.,-0.,-1.));
#446 = DIRECTION('',(-1.,-1.110223024625E-16,0.));
#447 = ADVANCED_FACE('',(#448),#484,.F.);
#448 = FACE_BOUND('',#449,.T.);
#449 = EDGE_LOOP('',(#450,#460,#469,#477));
#450 = ORIENTED_EDGE('',*,*,#451,.T.);
#451 = EDGE_CURVE('',#452,#454,#456,.T.);
#452 = VERTEX_POINT('',#453);
#453 = CARTESIAN_POINT('',(10.202032004064,-31.27937515875,0.));
#454 = VERTEX_POINT('',#455);
#455 = CARTESIAN_POINT('',(10.202032004064,-31.27937515875,    1.600050800102));
#456 = LINE('',#457,#458);
#457 = CARTESIAN_POINT('',(10.202032004064,-31.27937515875,0.));
#458 = VECTOR('',#459,1.);
#459 = DIRECTION('',(0.,0.,1.));
#460 = ORIENTED_EDGE('',*,*,#461,.T.);
#461 = EDGE_CURVE('',#454,#462,#464,.T.);
#462 = VERTEX_POINT('',#463);
#463 = CARTESIAN_POINT('',(9.102006604013,-31.27937515875,1.600050800102    ));
#464 = CIRCLE('',#465,0.550012700025);
#465 = AXIS2_PLACEMENT_3D('',#466,#467,#468);
#466 = CARTESIAN_POINT('',(9.652019304039,-31.27937515875,1.600050800102    ));
#467 = DIRECTION('',(0.,0.,1.));
#468 = DIRECTION('',(1.,1.110223024625E-16,-0.));
#469 = ORIENTED_EDGE('',*,*,#470,.F.);
#470 = EDGE_CURVE('',#471,#462,#473,.T.);
#471 = VERTEX_POINT('',#472);
#472 = CARTESIAN_POINT('',(9.102006604013,-31.27937515875,0.));
#473 = LINE('',#474,#475);
#474 = CARTESIAN_POINT('',(9.102006604013,-31.27937515875,0.));
#475 = VECTOR('',#476,1.);
#476 = DIRECTION('',(0.,0.,1.));
#477 = ORIENTED_EDGE('',*,*,#478,.F.);
#478 = EDGE_CURVE('',#452,#471,#479,.T.);
#479 = CIRCLE('',#480,0.550012700025);
#480 = AXIS2_PLACEMENT_3D('',#481,#482,#483);
#481 = CARTESIAN_POINT('',(9.652019304039,-31.27937515875,0.));
#482 = DIRECTION('',(0.,0.,1.));
#483 = DIRECTION('',(1.,1.110223024625E-16,-0.));
#484 = CYLINDRICAL_SURFACE('',#485,0.550012700025);
#485 = AXIS2_PLACEMENT_3D('',#486,#487,#488);
#486 = CARTESIAN_POINT('',(9.652019304039,-31.27937515875,0.));
#487 = DIRECTION('',(-0.,-0.,-1.));
#488 = DIRECTION('',(1.,1.110223024625E-16,-0.));
#489 = ADVANCED_FACE('',(#490),#508,.F.);
#490 = FACE_BOUND('',#491,.T.);
#491 = EDGE_LOOP('',(#492,#493,#500,#501));
#492 = ORIENTED_EDGE('',*,*,#470,.T.);
#493 = ORIENTED_EDGE('',*,*,#494,.T.);
#494 = EDGE_CURVE('',#462,#454,#495,.T.);
#495 = CIRCLE('',#496,0.550012700025);
#496 = AXIS2_PLACEMENT_3D('',#497,#498,#499);
#497 = CARTESIAN_POINT('',(9.652019304039,-31.27937515875,1.600050800102    ));
#498 = DIRECTION('',(0.,0.,1.));
#499 = DIRECTION('',(-1.,-1.110223024625E-16,0.));
#500 = ORIENTED_EDGE('',*,*,#451,.F.);
#501 = ORIENTED_EDGE('',*,*,#502,.F.);
#502 = EDGE_CURVE('',#471,#452,#503,.T.);
#503 = CIRCLE('',#504,0.550012700025);
#504 = AXIS2_PLACEMENT_3D('',#505,#506,#507);
#505 = CARTESIAN_POINT('',(9.652019304039,-31.27937515875,0.));
#506 = DIRECTION('',(0.,0.,1.));
#507 = DIRECTION('',(-1.,-1.110223024625E-16,0.));
#508 = CYLINDRICAL_SURFACE('',#509,0.550012700025);
#509 = AXIS2_PLACEMENT_3D('',#510,#511,#512);
#510 = CARTESIAN_POINT('',(9.652019304039,-31.27937515875,0.));
#511 = DIRECTION('',(-0.,-0.,-1.));
#512 = DIRECTION('',(-1.,-1.110223024625E-16,0.));
#513 = ADVANCED_FACE('',(#514),#550,.F.);
#514 = FACE_BOUND('',#515,.T.);
#515 = EDGE_LOOP('',(#516,#526,#535,#543));
#516 = ORIENTED_EDGE('',*,*,#517,.T.);
#517 = EDGE_CURVE('',#518,#520,#522,.T.);
#518 = VERTEX_POINT('',#519);
#519 = CARTESIAN_POINT('',(10.202032004064,-13.49933959867,0.));
#520 = VERTEX_POINT('',#521);
#521 = CARTESIAN_POINT('',(10.202032004064,-13.49933959867,    1.600050800102));
#522 = LINE('',#523,#524);
#523 = CARTESIAN_POINT('',(10.202032004064,-13.49933959867,0.));
#524 = VECTOR('',#525,1.);
#525 = DIRECTION('',(0.,0.,1.));
#526 = ORIENTED_EDGE('',*,*,#527,.T.);
#527 = EDGE_CURVE('',#520,#528,#530,.T.);
#528 = VERTEX_POINT('',#529);
#529 = CARTESIAN_POINT('',(9.102006604013,-13.49933959867,1.600050800102    ));
#530 = CIRCLE('',#531,0.550012700025);
#531 = AXIS2_PLACEMENT_3D('',#532,#533,#534);
#532 = CARTESIAN_POINT('',(9.652019304039,-13.49933959867,1.600050800102    ));
#533 = DIRECTION('',(0.,0.,1.));
#534 = DIRECTION('',(1.,1.110223024625E-16,-0.));
#535 = ORIENTED_EDGE('',*,*,#536,.F.);
#536 = EDGE_CURVE('',#537,#528,#539,.T.);
#537 = VERTEX_POINT('',#538);
#538 = CARTESIAN_POINT('',(9.102006604013,-13.49933959867,0.));
#539 = LINE('',#540,#541);
#540 = CARTESIAN_POINT('',(9.102006604013,-13.49933959867,0.));
#541 = VECTOR('',#542,1.);
#542 = DIRECTION('',(0.,0.,1.));
#543 = ORIENTED_EDGE('',*,*,#544,.F.);
#544 = EDGE_CURVE('',#518,#537,#545,.T.);
#545 = CIRCLE('',#546,0.550012700025);
#546 = AXIS2_PLACEMENT_3D('',#547,#548,#549);
#547 = CARTESIAN_POINT('',(9.652019304039,-13.49933959867,0.));
#548 = DIRECTION('',(0.,0.,1.));
#549 = DIRECTION('',(1.,1.110223024625E-16,-0.));
#550 = CYLINDRICAL_SURFACE('',#551,0.550012700025);
#551 = AXIS2_PLACEMENT_3D('',#552,#553,#554);
#552 = CARTESIAN_POINT('',(9.652019304039,-13.49933959867,0.));
#553 = DIRECTION('',(-0.,-0.,-1.));
#554 = DIRECTION('',(1.,1.110223024625E-16,-0.));
#555 = ADVANCED_FACE('',(#556),#574,.F.);
#556 = FACE_BOUND('',#557,.T.);
#557 = EDGE_LOOP('',(#558,#559,#566,#567));
#558 = ORIENTED_EDGE('',*,*,#536,.T.);
#559 = ORIENTED_EDGE('',*,*,#560,.T.);
#560 = EDGE_CURVE('',#528,#520,#561,.T.);
#561 = CIRCLE('',#562,0.550012700025);
#562 = AXIS2_PLACEMENT_3D('',#563,#564,#565);
#563 = CARTESIAN_POINT('',(9.652019304039,-13.49933959867,1.600050800102    ));
#564 = DIRECTION('',(0.,0.,1.));
#565 = DIRECTION('',(-1.,-1.110223024625E-16,0.));
#566 = ORIENTED_EDGE('',*,*,#517,.F.);
#567 = ORIENTED_EDGE('',*,*,#568,.F.);
#568 = EDGE_CURVE('',#537,#518,#569,.T.);
#569 = CIRCLE('',#570,0.550012700025);
#570 = AXIS2_PLACEMENT_3D('',#571,#572,#573);
#571 = CARTESIAN_POINT('',(9.652019304039,-13.49933959867,0.));
#572 = DIRECTION('',(0.,0.,1.));
#573 = DIRECTION('',(-1.,-1.110223024625E-16,0.));
#574 = CYLINDRICAL_SURFACE('',#575,0.550012700025);
#575 = AXIS2_PLACEMENT_3D('',#576,#577,#578);
#576 = CARTESIAN_POINT('',(9.652019304039,-13.49933959867,0.));
#577 = DIRECTION('',(-0.,-0.,-1.));
#578 = DIRECTION('',(-1.,-1.110223024625E-16,0.));
#579 = ADVANCED_FACE('',(#580),#616,.F.);
#580 = FACE_BOUND('',#581,.T.);
#581 = EDGE_LOOP('',(#582,#592,#601,#609));
#582 = ORIENTED_EDGE('',*,*,#583,.T.);
#583 = EDGE_CURVE('',#584,#586,#588,.T.);
#584 = VERTEX_POINT('',#585);
#585 = CARTESIAN_POINT('',(10.202032004064,-16.03934467868,0.));
#586 = VERTEX_POINT('',#587);
#587 = CARTESIAN_POINT('',(10.202032004064,-16.03934467868,    1.600050800102));
#588 = LINE('',#589,#590);
#589 = CARTESIAN_POINT('',(10.202032004064,-16.03934467868,0.));
#590 = VECTOR('',#591,1.);
#591 = DIRECTION('',(0.,0.,1.));
#592 = ORIENTED_EDGE('',*,*,#593,.T.);
#593 = EDGE_CURVE('',#586,#594,#596,.T.);
#594 = VERTEX_POINT('',#595);
#595 = CARTESIAN_POINT('',(9.102006604013,-16.03934467868,1.600050800102    ));
#596 = CIRCLE('',#597,0.550012700025);
#597 = AXIS2_PLACEMENT_3D('',#598,#599,#600);
#598 = CARTESIAN_POINT('',(9.652019304039,-16.03934467868,1.600050800102    ));
#599 = DIRECTION('',(0.,0.,1.));
#600 = DIRECTION('',(1.,1.110223024625E-16,-0.));
#601 = ORIENTED_EDGE('',*,*,#602,.F.);
#602 = EDGE_CURVE('',#603,#594,#605,.T.);
#603 = VERTEX_POINT('',#604);
#604 = CARTESIAN_POINT('',(9.102006604013,-16.03934467868,0.));
#605 = LINE('',#606,#607);
#606 = CARTESIAN_POINT('',(9.102006604013,-16.03934467868,0.));
#607 = VECTOR('',#608,1.);
#608 = DIRECTION('',(0.,0.,1.));
#609 = ORIENTED_EDGE('',*,*,#610,.F.);
#610 = EDGE_CURVE('',#584,#603,#611,.T.);
#611 = CIRCLE('',#612,0.550012700025);
#612 = AXIS2_PLACEMENT_3D('',#613,#614,#615);
#613 = CARTESIAN_POINT('',(9.652019304039,-16.03934467868,0.));
#614 = DIRECTION('',(0.,0.,1.));
#615 = DIRECTION('',(1.,1.110223024625E-16,-0.));
#616 = CYLINDRICAL_SURFACE('',#617,0.550012700025);
#617 = AXIS2_PLACEMENT_3D('',#618,#619,#620);
#618 = CARTESIAN_POINT('',(9.652019304039,-16.03934467868,0.));
#619 = DIRECTION('',(-0.,-0.,-1.));
#620 = DIRECTION('',(1.,1.110223024625E-16,-0.));
#621 = ADVANCED_FACE('',(#622),#640,.F.);
#622 = FACE_BOUND('',#623,.T.);
#623 = EDGE_LOOP('',(#624,#625,#632,#633));
#624 = ORIENTED_EDGE('',*,*,#602,.T.);
#625 = ORIENTED_EDGE('',*,*,#626,.T.);
#626 = EDGE_CURVE('',#594,#586,#627,.T.);
#627 = CIRCLE('',#628,0.550012700025);
#628 = AXIS2_PLACEMENT_3D('',#629,#630,#631);
#629 = CARTESIAN_POINT('',(9.652019304039,-16.03934467868,1.600050800102    ));
#630 = DIRECTION('',(0.,0.,1.));
#631 = DIRECTION('',(-1.,-1.110223024625E-16,0.));
#632 = ORIENTED_EDGE('',*,*,#583,.F.);
#633 = ORIENTED_EDGE('',*,*,#634,.F.);
#634 = EDGE_CURVE('',#603,#584,#635,.T.);
#635 = CIRCLE('',#636,0.550012700025);
#636 = AXIS2_PLACEMENT_3D('',#637,#638,#639);
#637 = CARTESIAN_POINT('',(9.652019304039,-16.03934467868,0.));
#638 = DIRECTION('',(0.,0.,1.));
#639 = DIRECTION('',(-1.,-1.110223024625E-16,0.));
#640 = CYLINDRICAL_SURFACE('',#641,0.550012700025);
#641 = AXIS2_PLACEMENT_3D('',#642,#643,#644);
#642 = CARTESIAN_POINT('',(9.652019304039,-16.03934467868,0.));
#643 = DIRECTION('',(-0.,-0.,-1.));
#644 = DIRECTION('',(-1.,-1.110223024625E-16,0.));
#645 = ADVANCED_FACE('',(#646),#682,.F.);
#646 = FACE_BOUND('',#647,.T.);
#647 = EDGE_LOOP('',(#648,#658,#667,#675));
#648 = ORIENTED_EDGE('',*,*,#649,.T.);
#649 = EDGE_CURVE('',#650,#652,#654,.T.);
#650 = VERTEX_POINT('',#651);
#651 = CARTESIAN_POINT('',(10.202032004064,-18.5793497587,0.));
#652 = VERTEX_POINT('',#653);
#653 = CARTESIAN_POINT('',(10.202032004064,-18.5793497587,1.600050800102    ));
#654 = LINE('',#655,#656);
#655 = CARTESIAN_POINT('',(10.202032004064,-18.5793497587,0.));
#656 = VECTOR('',#657,1.);
#657 = DIRECTION('',(0.,0.,1.));
#658 = ORIENTED_EDGE('',*,*,#659,.T.);
#659 = EDGE_CURVE('',#652,#660,#662,.T.);
#660 = VERTEX_POINT('',#661);
#661 = CARTESIAN_POINT('',(9.102006604013,-18.5793497587,1.600050800102)  );
#662 = CIRCLE('',#663,0.550012700025);
#663 = AXIS2_PLACEMENT_3D('',#664,#665,#666);
#664 = CARTESIAN_POINT('',(9.652019304039,-18.5793497587,1.600050800102)  );
#665 = DIRECTION('',(0.,0.,1.));
#666 = DIRECTION('',(1.,1.110223024625E-16,-0.));
#667 = ORIENTED_EDGE('',*,*,#668,.F.);
#668 = EDGE_CURVE('',#669,#660,#671,.T.);
#669 = VERTEX_POINT('',#670);
#670 = CARTESIAN_POINT('',(9.102006604013,-18.5793497587,0.));
#671 = LINE('',#672,#673);
#672 = CARTESIAN_POINT('',(9.102006604013,-18.5793497587,0.));
#673 = VECTOR('',#674,1.);
#674 = DIRECTION('',(0.,0.,1.));
#675 = ORIENTED_EDGE('',*,*,#676,.F.);
#676 = EDGE_CURVE('',#650,#669,#677,.T.);
#677 = CIRCLE('',#678,0.550012700025);
#678 = AXIS2_PLACEMENT_3D('',#679,#680,#681);
#679 = CARTESIAN_POINT('',(9.652019304039,-18.5793497587,0.));
#680 = DIRECTION('',(0.,0.,1.));
#681 = DIRECTION('',(1.,1.110223024625E-16,-0.));
#682 = CYLINDRICAL_SURFACE('',#683,0.550012700025);
#683 = AXIS2_PLACEMENT_3D('',#684,#685,#686);
#684 = CARTESIAN_POINT('',(9.652019304039,-18.5793497587,0.));
#685 = DIRECTION('',(-0.,-0.,-1.));
#686 = DIRECTION('',(1.,1.110223024625E-16,-0.));
#687 = ADVANCED_FACE('',(#688),#706,.F.);
#688 = FACE_BOUND('',#689,.T.);
#689 = EDGE_LOOP('',(#690,#691,#698,#699));
#690 = ORIENTED_EDGE('',*,*,#668,.T.);
#691 = ORIENTED_EDGE('',*,*,#692,.T.);
#692 = EDGE_CURVE('',#660,#652,#693,.T.);
#693 = CIRCLE('',#694,0.550012700025);
#694 = AXIS2_PLACEMENT_3D('',#695,#696,#697);
#695 = CARTESIAN_POINT('',(9.652019304039,-18.5793497587,1.600050800102)  );
#696 = DIRECTION('',(0.,0.,1.));
#697 = DIRECTION('',(-1.,-1.110223024625E-16,0.));
#698 = ORIENTED_EDGE('',*,*,#649,.F.);
#699 = ORIENTED_EDGE('',*,*,#700,.F.);
#700 = EDGE_CURVE('',#669,#650,#701,.T.);
#701 = CIRCLE('',#702,0.550012700025);
#702 = AXIS2_PLACEMENT_3D('',#703,#704,#705);
#703 = CARTESIAN_POINT('',(9.652019304039,-18.5793497587,0.));
#704 = DIRECTION('',(0.,0.,1.));
#705 = DIRECTION('',(-1.,-1.110223024625E-16,0.));
#706 = CYLINDRICAL_SURFACE('',#707,0.550012700025);
#707 = AXIS2_PLACEMENT_3D('',#708,#709,#710);
#708 = CARTESIAN_POINT('',(9.652019304039,-18.5793497587,0.));
#709 = DIRECTION('',(-0.,-0.,-1.));
#710 = DIRECTION('',(-1.,-1.110223024625E-16,0.));
#711 = ADVANCED_FACE('',(#712),#748,.F.);
#712 = FACE_BOUND('',#713,.T.);
#713 = EDGE_LOOP('',(#714,#724,#733,#741));
#714 = ORIENTED_EDGE('',*,*,#715,.T.);
#715 = EDGE_CURVE('',#716,#718,#720,.T.);
#716 = VERTEX_POINT('',#717);
#717 = CARTESIAN_POINT('',(10.202032004064,-21.11935483871,0.));
#718 = VERTEX_POINT('',#719);
#719 = CARTESIAN_POINT('',(10.202032004064,-21.11935483871,    1.600050800102));
#720 = LINE('',#721,#722);
#721 = CARTESIAN_POINT('',(10.202032004064,-21.11935483871,0.));
#722 = VECTOR('',#723,1.);
#723 = DIRECTION('',(0.,0.,1.));
#724 = ORIENTED_EDGE('',*,*,#725,.T.);
#725 = EDGE_CURVE('',#718,#726,#728,.T.);
#726 = VERTEX_POINT('',#727);
#727 = CARTESIAN_POINT('',(9.102006604013,-21.11935483871,1.600050800102    ));
#728 = CIRCLE('',#729,0.550012700025);
#729 = AXIS2_PLACEMENT_3D('',#730,#731,#732);
#730 = CARTESIAN_POINT('',(9.652019304039,-21.11935483871,1.600050800102    ));
#731 = DIRECTION('',(0.,0.,1.));
#732 = DIRECTION('',(1.,1.110223024625E-16,-0.));
#733 = ORIENTED_EDGE('',*,*,#734,.F.);
#734 = EDGE_CURVE('',#735,#726,#737,.T.);
#735 = VERTEX_POINT('',#736);
#736 = CARTESIAN_POINT('',(9.102006604013,-21.11935483871,0.));
#737 = LINE('',#738,#739);
#738 = CARTESIAN_POINT('',(9.102006604013,-21.11935483871,0.));
#739 = VECTOR('',#740,1.);
#740 = DIRECTION('',(0.,0.,1.));
#741 = ORIENTED_EDGE('',*,*,#742,.F.);
#742 = EDGE_CURVE('',#716,#735,#743,.T.);
#743 = CIRCLE('',#744,0.550012700025);
#744 = AXIS2_PLACEMENT_3D('',#745,#746,#747);
#745 = CARTESIAN_POINT('',(9.652019304039,-21.11935483871,0.));
#746 = DIRECTION('',(0.,0.,1.));
#747 = DIRECTION('',(1.,1.110223024625E-16,-0.));
#748 = CYLINDRICAL_SURFACE('',#749,0.550012700025);
#749 = AXIS2_PLACEMENT_3D('',#750,#751,#752);
#750 = CARTESIAN_POINT('',(9.652019304039,-21.11935483871,0.));
#751 = DIRECTION('',(-0.,-0.,-1.));
#752 = DIRECTION('',(1.,1.110223024625E-16,-0.));
#753 = ADVANCED_FACE('',(#754),#772,.F.);
#754 = FACE_BOUND('',#755,.T.);
#755 = EDGE_LOOP('',(#756,#757,#764,#765));
#756 = ORIENTED_EDGE('',*,*,#734,.T.);
#757 = ORIENTED_EDGE('',*,*,#758,.T.);
#758 = EDGE_CURVE('',#726,#718,#759,.T.);
#759 = CIRCLE('',#760,0.550012700025);
#760 = AXIS2_PLACEMENT_3D('',#761,#762,#763);
#761 = CARTESIAN_POINT('',(9.652019304039,-21.11935483871,1.600050800102    ));
#762 = DIRECTION('',(0.,0.,1.));
#763 = DIRECTION('',(-1.,-1.110223024625E-16,0.));
#764 = ORIENTED_EDGE('',*,*,#715,.F.);
#765 = ORIENTED_EDGE('',*,*,#766,.F.);
#766 = EDGE_CURVE('',#735,#716,#767,.T.);
#767 = CIRCLE('',#768,0.550012700025);
#768 = AXIS2_PLACEMENT_3D('',#769,#770,#771);
#769 = CARTESIAN_POINT('',(9.652019304039,-21.11935483871,0.));
#770 = DIRECTION('',(0.,0.,1.));
#771 = DIRECTION('',(-1.,-1.110223024625E-16,0.));
#772 = CYLINDRICAL_SURFACE('',#773,0.550012700025);
#773 = AXIS2_PLACEMENT_3D('',#774,#775,#776);
#774 = CARTESIAN_POINT('',(9.652019304039,-21.11935483871,0.));
#775 = DIRECTION('',(-0.,-0.,-1.));
#776 = DIRECTION('',(-1.,-1.110223024625E-16,0.));
#777 = ADVANCED_FACE('',(#778),#814,.F.);
#778 = FACE_BOUND('',#779,.T.);
#779 = EDGE_LOOP('',(#780,#790,#799,#807));
#780 = ORIENTED_EDGE('',*,*,#781,.T.);
#781 = EDGE_CURVE('',#782,#784,#786,.T.);
#782 = VERTEX_POINT('',#783);
#783 = CARTESIAN_POINT('',(10.202032004064,-23.65935991872,0.));
#784 = VERTEX_POINT('',#785);
#785 = CARTESIAN_POINT('',(10.202032004064,-23.65935991872,    1.600050800102));
#786 = LINE('',#787,#788);
#787 = CARTESIAN_POINT('',(10.202032004064,-23.65935991872,0.));
#788 = VECTOR('',#789,1.);
#789 = DIRECTION('',(0.,0.,1.));
#790 = ORIENTED_EDGE('',*,*,#791,.T.);
#791 = EDGE_CURVE('',#784,#792,#794,.T.);
#792 = VERTEX_POINT('',#793);
#793 = CARTESIAN_POINT('',(9.102006604013,-23.65935991872,1.600050800102    ));
#794 = CIRCLE('',#795,0.550012700025);
#795 = AXIS2_PLACEMENT_3D('',#796,#797,#798);
#796 = CARTESIAN_POINT('',(9.652019304039,-23.65935991872,1.600050800102    ));
#797 = DIRECTION('',(0.,0.,1.));
#798 = DIRECTION('',(1.,1.110223024625E-16,-0.));
#799 = ORIENTED_EDGE('',*,*,#800,.F.);
#800 = EDGE_CURVE('',#801,#792,#803,.T.);
#801 = VERTEX_POINT('',#802);
#802 = CARTESIAN_POINT('',(9.102006604013,-23.65935991872,0.));
#803 = LINE('',#804,#805);
#804 = CARTESIAN_POINT('',(9.102006604013,-23.65935991872,0.));
#805 = VECTOR('',#806,1.);
#806 = DIRECTION('',(0.,0.,1.));
#807 = ORIENTED_EDGE('',*,*,#808,.F.);
#808 = EDGE_CURVE('',#782,#801,#809,.T.);
#809 = CIRCLE('',#810,0.550012700025);
#810 = AXIS2_PLACEMENT_3D('',#811,#812,#813);
#811 = CARTESIAN_POINT('',(9.652019304039,-23.65935991872,0.));
#812 = DIRECTION('',(0.,0.,1.));
#813 = DIRECTION('',(1.,1.110223024625E-16,-0.));
#814 = CYLINDRICAL_SURFACE('',#815,0.550012700025);
#815 = AXIS2_PLACEMENT_3D('',#816,#817,#818);
#816 = CARTESIAN_POINT('',(9.652019304039,-23.65935991872,0.));
#817 = DIRECTION('',(-0.,-0.,-1.));
#818 = DIRECTION('',(1.,1.110223024625E-16,-0.));
#819 = ADVANCED_FACE('',(#820),#838,.F.);
#820 = FACE_BOUND('',#821,.T.);
#821 = EDGE_LOOP('',(#822,#823,#830,#831));
#822 = ORIENTED_EDGE('',*,*,#800,.T.);
#823 = ORIENTED_EDGE('',*,*,#824,.T.);
#824 = EDGE_CURVE('',#792,#784,#825,.T.);
#825 = CIRCLE('',#826,0.550012700025);
#826 = AXIS2_PLACEMENT_3D('',#827,#828,#829);
#827 = CARTESIAN_POINT('',(9.652019304039,-23.65935991872,1.600050800102    ));
#828 = DIRECTION('',(0.,0.,1.));
#829 = DIRECTION('',(-1.,-1.110223024625E-16,0.));
#830 = ORIENTED_EDGE('',*,*,#781,.F.);
#831 = ORIENTED_EDGE('',*,*,#832,.F.);
#832 = EDGE_CURVE('',#801,#782,#833,.T.);
#833 = CIRCLE('',#834,0.550012700025);
#834 = AXIS2_PLACEMENT_3D('',#835,#836,#837);
#835 = CARTESIAN_POINT('',(9.652019304039,-23.65935991872,0.));
#836 = DIRECTION('',(0.,0.,1.));
#837 = DIRECTION('',(-1.,-1.110223024625E-16,0.));
#838 = CYLINDRICAL_SURFACE('',#839,0.550012700025);
#839 = AXIS2_PLACEMENT_3D('',#840,#841,#842);
#840 = CARTESIAN_POINT('',(9.652019304039,-23.65935991872,0.));
#841 = DIRECTION('',(-0.,-0.,-1.));
#842 = DIRECTION('',(-1.,-1.110223024625E-16,0.));
#843 = ADVANCED_FACE('',(#844),#880,.F.);
#844 = FACE_BOUND('',#845,.T.);
#845 = EDGE_LOOP('',(#846,#856,#865,#873));
#846 = ORIENTED_EDGE('',*,*,#847,.T.);
#847 = EDGE_CURVE('',#848,#850,#852,.T.);
#848 = VERTEX_POINT('',#849);
#849 = CARTESIAN_POINT('',(10.202032004064,-10.95933451866,0.));
#850 = VERTEX_POINT('',#851);
#851 = CARTESIAN_POINT('',(10.202032004064,-10.95933451866,    1.600050800102));
#852 = LINE('',#853,#854);
#853 = CARTESIAN_POINT('',(10.202032004064,-10.95933451866,0.));
#854 = VECTOR('',#855,1.);
#855 = DIRECTION('',(0.,0.,1.));
#856 = ORIENTED_EDGE('',*,*,#857,.T.);
#857 = EDGE_CURVE('',#850,#858,#860,.T.);
#858 = VERTEX_POINT('',#859);
#859 = CARTESIAN_POINT('',(9.102006604013,-10.95933451866,1.600050800102    ));
#860 = CIRCLE('',#861,0.550012700025);
#861 = AXIS2_PLACEMENT_3D('',#862,#863,#864);
#862 = CARTESIAN_POINT('',(9.652019304039,-10.95933451866,1.600050800102    ));
#863 = DIRECTION('',(0.,0.,1.));
#864 = DIRECTION('',(1.,1.110223024625E-16,-0.));
#865 = ORIENTED_EDGE('',*,*,#866,.F.);
#866 = EDGE_CURVE('',#867,#858,#869,.T.);
#867 = VERTEX_POINT('',#868);
#868 = CARTESIAN_POINT('',(9.102006604013,-10.95933451866,0.));
#869 = LINE('',#870,#871);
#870 = CARTESIAN_POINT('',(9.102006604013,-10.95933451866,0.));
#871 = VECTOR('',#872,1.);
#872 = DIRECTION('',(0.,0.,1.));
#873 = ORIENTED_EDGE('',*,*,#874,.F.);
#874 = EDGE_CURVE('',#848,#867,#875,.T.);
#875 = CIRCLE('',#876,0.550012700025);
#876 = AXIS2_PLACEMENT_3D('',#877,#878,#879);
#877 = CARTESIAN_POINT('',(9.652019304039,-10.95933451866,0.));
#878 = DIRECTION('',(0.,0.,1.));
#879 = DIRECTION('',(1.,1.110223024625E-16,-0.));
#880 = CYLINDRICAL_SURFACE('',#881,0.550012700025);
#881 = AXIS2_PLACEMENT_3D('',#882,#883,#884);
#882 = CARTESIAN_POINT('',(9.652019304039,-10.95933451866,0.));
#883 = DIRECTION('',(-0.,-0.,-1.));
#884 = DIRECTION('',(1.,1.110223024625E-16,-0.));
#885 = ADVANCED_FACE('',(#886),#904,.F.);
#886 = FACE_BOUND('',#887,.T.);
#887 = EDGE_LOOP('',(#888,#889,#896,#897));
#888 = ORIENTED_EDGE('',*,*,#866,.T.);
#889 = ORIENTED_EDGE('',*,*,#890,.T.);
#890 = EDGE_CURVE('',#858,#850,#891,.T.);
#891 = CIRCLE('',#892,0.550012700025);
#892 = AXIS2_PLACEMENT_3D('',#893,#894,#895);
#893 = CARTESIAN_POINT('',(9.652019304039,-10.95933451866,1.600050800102    ));
#894 = DIRECTION('',(0.,0.,1.));
#895 = DIRECTION('',(-1.,-1.110223024625E-16,0.));
#896 = ORIENTED_EDGE('',*,*,#847,.F.);
#897 = ORIENTED_EDGE('',*,*,#898,.F.);
#898 = EDGE_CURVE('',#867,#848,#899,.T.);
#899 = CIRCLE('',#900,0.550012700025);
#900 = AXIS2_PLACEMENT_3D('',#901,#902,#903);
#901 = CARTESIAN_POINT('',(9.652019304039,-10.95933451866,0.));
#902 = DIRECTION('',(0.,0.,1.));
#903 = DIRECTION('',(-1.,-1.110223024625E-16,0.));
#904 = CYLINDRICAL_SURFACE('',#905,0.550012700025);
#905 = AXIS2_PLACEMENT_3D('',#906,#907,#908);
#906 = CARTESIAN_POINT('',(9.652019304039,-10.95933451866,0.));
#907 = DIRECTION('',(-0.,-0.,-1.));
#908 = DIRECTION('',(-1.,-1.110223024625E-16,0.));
#909 = ADVANCED_FACE('',(#910),#946,.F.);
#910 = FACE_BOUND('',#911,.T.);
#911 = EDGE_LOOP('',(#912,#922,#931,#939));
#912 = ORIENTED_EDGE('',*,*,#913,.T.);
#913 = EDGE_CURVE('',#914,#916,#918,.T.);
#914 = VERTEX_POINT('',#915);
#915 = CARTESIAN_POINT('',(12.996037592075,-43.83996189992,0.));
#916 = VERTEX_POINT('',#917);
#917 = CARTESIAN_POINT('',(12.996037592075,-43.83996189992,    1.600050800102));
#918 = LINE('',#919,#920);
#919 = CARTESIAN_POINT('',(12.996037592075,-43.83996189992,0.));
#920 = VECTOR('',#921,1.);
#921 = DIRECTION('',(0.,0.,1.));
#922 = ORIENTED_EDGE('',*,*,#923,.T.);
#923 = EDGE_CURVE('',#916,#924,#926,.T.);
#924 = VERTEX_POINT('',#925);
#925 = CARTESIAN_POINT('',(11.896012192024,-43.83996189992,    1.600050800102));
#926 = CIRCLE('',#927,0.550012700025);
#927 = AXIS2_PLACEMENT_3D('',#928,#929,#930);
#928 = CARTESIAN_POINT('',(12.44602489205,-43.83996189992,1.600050800102    ));
#929 = DIRECTION('',(0.,0.,1.));
#930 = DIRECTION('',(1.,1.110223024625E-16,-0.));
#931 = ORIENTED_EDGE('',*,*,#932,.F.);
#932 = EDGE_CURVE('',#933,#924,#935,.T.);
#933 = VERTEX_POINT('',#934);
#934 = CARTESIAN_POINT('',(11.896012192024,-43.83996189992,0.));
#935 = LINE('',#936,#937);
#936 = CARTESIAN_POINT('',(11.896012192024,-43.83996189992,0.));
#937 = VECTOR('',#938,1.);
#938 = DIRECTION('',(0.,0.,1.));
#939 = ORIENTED_EDGE('',*,*,#940,.F.);
#940 = EDGE_CURVE('',#914,#933,#941,.T.);
#941 = CIRCLE('',#942,0.550012700025);
#942 = AXIS2_PLACEMENT_3D('',#943,#944,#945);
#943 = CARTESIAN_POINT('',(12.44602489205,-43.83996189992,0.));
#944 = DIRECTION('',(0.,0.,1.));
#945 = DIRECTION('',(1.,1.110223024625E-16,-0.));
#946 = CYLINDRICAL_SURFACE('',#947,0.550012700025);
#947 = AXIS2_PLACEMENT_3D('',#948,#949,#950);
#948 = CARTESIAN_POINT('',(12.44602489205,-43.83996189992,0.));
#949 = DIRECTION('',(-0.,-0.,-1.));
#950 = DIRECTION('',(1.,1.110223024625E-16,-0.));
#951 = ADVANCED_FACE('',(#952),#970,.F.);
#952 = FACE_BOUND('',#953,.T.);
#953 = EDGE_LOOP('',(#954,#955,#962,#963));
#954 = ORIENTED_EDGE('',*,*,#932,.T.);
#955 = ORIENTED_EDGE('',*,*,#956,.T.);
#956 = EDGE_CURVE('',#924,#916,#957,.T.);
#957 = CIRCLE('',#958,0.550012700025);
#958 = AXIS2_PLACEMENT_3D('',#959,#960,#961);
#959 = CARTESIAN_POINT('',(12.44602489205,-43.83996189992,1.600050800102    ));
#960 = DIRECTION('',(0.,0.,1.));
#961 = DIRECTION('',(-1.,-1.110223024625E-16,0.));
#962 = ORIENTED_EDGE('',*,*,#913,.F.);
#963 = ORIENTED_EDGE('',*,*,#964,.F.);
#964 = EDGE_CURVE('',#933,#914,#965,.T.);
#965 = CIRCLE('',#966,0.550012700025);
#966 = AXIS2_PLACEMENT_3D('',#967,#968,#969);
#967 = CARTESIAN_POINT('',(12.44602489205,-43.83996189992,0.));
#968 = DIRECTION('',(0.,0.,1.));
#969 = DIRECTION('',(-1.,-1.110223024625E-16,0.));
#970 = CYLINDRICAL_SURFACE('',#971,0.550012700025);
#971 = AXIS2_PLACEMENT_3D('',#972,#973,#974);
#972 = CARTESIAN_POINT('',(12.44602489205,-43.83996189992,0.));
#973 = DIRECTION('',(-0.,-0.,-1.));
#974 = DIRECTION('',(-1.,-1.110223024625E-16,0.));
#975 = ADVANCED_FACE('',(#976),#1012,.F.);
#976 = FACE_BOUND('',#977,.T.);
#977 = EDGE_LOOP('',(#978,#988,#997,#1005));
#978 = ORIENTED_EDGE('',*,*,#979,.T.);
#979 = EDGE_CURVE('',#980,#982,#984,.T.);
#980 = VERTEX_POINT('',#981);
#981 = CARTESIAN_POINT('',(12.996037592075,-46.37996697993,0.));
#982 = VERTEX_POINT('',#983);
#983 = CARTESIAN_POINT('',(12.996037592075,-46.37996697993,    1.600050800102));
#984 = LINE('',#985,#986);
#985 = CARTESIAN_POINT('',(12.996037592075,-46.37996697993,0.));
#986 = VECTOR('',#987,1.);
#987 = DIRECTION('',(0.,0.,1.));
#988 = ORIENTED_EDGE('',*,*,#989,.T.);
#989 = EDGE_CURVE('',#982,#990,#992,.T.);
#990 = VERTEX_POINT('',#991);
#991 = CARTESIAN_POINT('',(11.896012192024,-46.37996697993,    1.600050800102));
#992 = CIRCLE('',#993,0.550012700025);
#993 = AXIS2_PLACEMENT_3D('',#994,#995,#996);
#994 = CARTESIAN_POINT('',(12.44602489205,-46.37996697993,1.600050800102    ));
#995 = DIRECTION('',(0.,0.,1.));
#996 = DIRECTION('',(1.,1.110223024625E-16,-0.));
#997 = ORIENTED_EDGE('',*,*,#998,.F.);
#998 = EDGE_CURVE('',#999,#990,#1001,.T.);
#999 = VERTEX_POINT('',#1000);
#1000 = CARTESIAN_POINT('',(11.896012192024,-46.37996697993,0.));
#1001 = LINE('',#1002,#1003);
#1002 = CARTESIAN_POINT('',(11.896012192024,-46.37996697993,0.));
#1003 = VECTOR('',#1004,1.);
#1004 = DIRECTION('',(0.,0.,1.));
#1005 = ORIENTED_EDGE('',*,*,#1006,.F.);
#1006 = EDGE_CURVE('',#980,#999,#1007,.T.);
#1007 = CIRCLE('',#1008,0.550012700025);
#1008 = AXIS2_PLACEMENT_3D('',#1009,#1010,#1011);
#1009 = CARTESIAN_POINT('',(12.44602489205,-46.37996697993,0.));
#1010 = DIRECTION('',(0.,0.,1.));
#1011 = DIRECTION('',(1.,1.110223024625E-16,-0.));
#1012 = CYLINDRICAL_SURFACE('',#1013,0.550012700025);
#1013 = AXIS2_PLACEMENT_3D('',#1014,#1015,#1016);
#1014 = CARTESIAN_POINT('',(12.44602489205,-46.37996697993,0.));
#1015 = DIRECTION('',(-0.,-0.,-1.));
#1016 = DIRECTION('',(1.,1.110223024625E-16,-0.));
#1017 = ADVANCED_FACE('',(#1018),#1036,.F.);
#1018 = FACE_BOUND('',#1019,.T.);
#1019 = EDGE_LOOP('',(#1020,#1021,#1028,#1029));
#1020 = ORIENTED_EDGE('',*,*,#998,.T.);
#1021 = ORIENTED_EDGE('',*,*,#1022,.T.);
#1022 = EDGE_CURVE('',#990,#982,#1023,.T.);
#1023 = CIRCLE('',#1024,0.550012700025);
#1024 = AXIS2_PLACEMENT_3D('',#1025,#1026,#1027);
#1025 = CARTESIAN_POINT('',(12.44602489205,-46.37996697993,    1.600050800102));
#1026 = DIRECTION('',(0.,0.,1.));
#1027 = DIRECTION('',(-1.,-1.110223024625E-16,0.));
#1028 = ORIENTED_EDGE('',*,*,#979,.F.);
#1029 = ORIENTED_EDGE('',*,*,#1030,.F.);
#1030 = EDGE_CURVE('',#999,#980,#1031,.T.);
#1031 = CIRCLE('',#1032,0.550012700025);
#1032 = AXIS2_PLACEMENT_3D('',#1033,#1034,#1035);
#1033 = CARTESIAN_POINT('',(12.44602489205,-46.37996697993,0.));
#1034 = DIRECTION('',(0.,0.,1.));
#1035 = DIRECTION('',(-1.,-1.110223024625E-16,0.));
#1036 = CYLINDRICAL_SURFACE('',#1037,0.550012700025);
#1037 = AXIS2_PLACEMENT_3D('',#1038,#1039,#1040);
#1038 = CARTESIAN_POINT('',(12.44602489205,-46.37996697993,0.));
#1039 = DIRECTION('',(-0.,-0.,-1.));
#1040 = DIRECTION('',(-1.,-1.110223024625E-16,0.));
#1041 = ADVANCED_FACE('',(#1042),#1078,.F.);
#1042 = FACE_BOUND('',#1043,.T.);
#1043 = EDGE_LOOP('',(#1044,#1054,#1063,#1071));
#1044 = ORIENTED_EDGE('',*,*,#1045,.T.);
#1045 = EDGE_CURVE('',#1046,#1048,#1050,.T.);
#1046 = VERTEX_POINT('',#1047);
#1047 = CARTESIAN_POINT('',(15.536042672085,-43.83996189992,0.));
#1048 = VERTEX_POINT('',#1049);
#1049 = CARTESIAN_POINT('',(15.536042672085,-43.83996189992,    1.600050800102));
#1050 = LINE('',#1051,#1052);
#1051 = CARTESIAN_POINT('',(15.536042672085,-43.83996189992,0.));
#1052 = VECTOR('',#1053,1.);
#1053 = DIRECTION('',(0.,0.,1.));
#1054 = ORIENTED_EDGE('',*,*,#1055,.T.);
#1055 = EDGE_CURVE('',#1048,#1056,#1058,.T.);
#1056 = VERTEX_POINT('',#1057);
#1057 = CARTESIAN_POINT('',(14.436017272035,-43.83996189992,    1.600050800102));
#1058 = CIRCLE('',#1059,0.550012700025);
#1059 = AXIS2_PLACEMENT_3D('',#1060,#1061,#1062);
#1060 = CARTESIAN_POINT('',(14.98602997206,-43.83996189992,    1.600050800102));
#1061 = DIRECTION('',(0.,0.,1.));
#1062 = DIRECTION('',(1.,1.110223024625E-16,-0.));
#1063 = ORIENTED_EDGE('',*,*,#1064,.F.);
#1064 = EDGE_CURVE('',#1065,#1056,#1067,.T.);
#1065 = VERTEX_POINT('',#1066);
#1066 = CARTESIAN_POINT('',(14.436017272035,-43.83996189992,0.));
#1067 = LINE('',#1068,#1069);
#1068 = CARTESIAN_POINT('',(14.436017272035,-43.83996189992,0.));
#1069 = VECTOR('',#1070,1.);
#1070 = DIRECTION('',(0.,0.,1.));
#1071 = ORIENTED_EDGE('',*,*,#1072,.F.);
#1072 = EDGE_CURVE('',#1046,#1065,#1073,.T.);
#1073 = CIRCLE('',#1074,0.550012700025);
#1074 = AXIS2_PLACEMENT_3D('',#1075,#1076,#1077);
#1075 = CARTESIAN_POINT('',(14.98602997206,-43.83996189992,0.));
#1076 = DIRECTION('',(0.,0.,1.));
#1077 = DIRECTION('',(1.,1.110223024625E-16,-0.));
#1078 = CYLINDRICAL_SURFACE('',#1079,0.550012700025);
#1079 = AXIS2_PLACEMENT_3D('',#1080,#1081,#1082);
#1080 = CARTESIAN_POINT('',(14.98602997206,-43.83996189992,0.));
#1081 = DIRECTION('',(-0.,-0.,-1.));
#1082 = DIRECTION('',(1.,1.110223024625E-16,-0.));
#1083 = ADVANCED_FACE('',(#1084),#1102,.F.);
#1084 = FACE_BOUND('',#1085,.T.);
#1085 = EDGE_LOOP('',(#1086,#1087,#1094,#1095));
#1086 = ORIENTED_EDGE('',*,*,#1064,.T.);
#1087 = ORIENTED_EDGE('',*,*,#1088,.T.);
#1088 = EDGE_CURVE('',#1056,#1048,#1089,.T.);
#1089 = CIRCLE('',#1090,0.550012700025);
#1090 = AXIS2_PLACEMENT_3D('',#1091,#1092,#1093);
#1091 = CARTESIAN_POINT('',(14.98602997206,-43.83996189992,    1.600050800102));
#1092 = DIRECTION('',(0.,0.,1.));
#1093 = DIRECTION('',(-1.,-1.110223024625E-16,0.));
#1094 = ORIENTED_EDGE('',*,*,#1045,.F.);
#1095 = ORIENTED_EDGE('',*,*,#1096,.F.);
#1096 = EDGE_CURVE('',#1065,#1046,#1097,.T.);
#1097 = CIRCLE('',#1098,0.550012700025);
#1098 = AXIS2_PLACEMENT_3D('',#1099,#1100,#1101);
#1099 = CARTESIAN_POINT('',(14.98602997206,-43.83996189992,0.));
#1100 = DIRECTION('',(0.,0.,1.));
#1101 = DIRECTION('',(-1.,-1.110223024625E-16,0.));
#1102 = CYLINDRICAL_SURFACE('',#1103,0.550012700025);
#1103 = AXIS2_PLACEMENT_3D('',#1104,#1105,#1106);
#1104 = CARTESIAN_POINT('',(14.98602997206,-43.83996189992,0.));
#1105 = DIRECTION('',(-0.,-0.,-1.));
#1106 = DIRECTION('',(-1.,-1.110223024625E-16,0.));
#1107 = ADVANCED_FACE('',(#1108),#1144,.F.);
#1108 = FACE_BOUND('',#1109,.T.);
#1109 = EDGE_LOOP('',(#1110,#1120,#1129,#1137));
#1110 = ORIENTED_EDGE('',*,*,#1111,.T.);
#1111 = EDGE_CURVE('',#1112,#1114,#1116,.T.);
#1112 = VERTEX_POINT('',#1113);
#1113 = CARTESIAN_POINT('',(15.536042672085,-46.37996697993,0.));
#1114 = VERTEX_POINT('',#1115);
#1115 = CARTESIAN_POINT('',(15.536042672085,-46.37996697993,    1.600050800102));
#1116 = LINE('',#1117,#1118);
#1117 = CARTESIAN_POINT('',(15.536042672085,-46.37996697993,0.));
#1118 = VECTOR('',#1119,1.);
#1119 = DIRECTION('',(0.,0.,1.));
#1120 = ORIENTED_EDGE('',*,*,#1121,.T.);
#1121 = EDGE_CURVE('',#1114,#1122,#1124,.T.);
#1122 = VERTEX_POINT('',#1123);
#1123 = CARTESIAN_POINT('',(14.436017272035,-46.37996697993,    1.600050800102));
#1124 = CIRCLE('',#1125,0.550012700025);
#1125 = AXIS2_PLACEMENT_3D('',#1126,#1127,#1128);
#1126 = CARTESIAN_POINT('',(14.98602997206,-46.37996697993,    1.600050800102));
#1127 = DIRECTION('',(0.,0.,1.));
#1128 = DIRECTION('',(1.,1.110223024625E-16,-0.));
#1129 = ORIENTED_EDGE('',*,*,#1130,.F.);
#1130 = EDGE_CURVE('',#1131,#1122,#1133,.T.);
#1131 = VERTEX_POINT('',#1132);
#1132 = CARTESIAN_POINT('',(14.436017272035,-46.37996697993,0.));
#1133 = LINE('',#1134,#1135);
#1134 = CARTESIAN_POINT('',(14.436017272035,-46.37996697993,0.));
#1135 = VECTOR('',#1136,1.);
#1136 = DIRECTION('',(0.,0.,1.));
#1137 = ORIENTED_EDGE('',*,*,#1138,.F.);
#1138 = EDGE_CURVE('',#1112,#1131,#1139,.T.);
#1139 = CIRCLE('',#1140,0.550012700025);
#1140 = AXIS2_PLACEMENT_3D('',#1141,#1142,#1143);
#1141 = CARTESIAN_POINT('',(14.98602997206,-46.37996697993,0.));
#1142 = DIRECTION('',(0.,0.,1.));
#1143 = DIRECTION('',(1.,1.110223024625E-16,-0.));
#1144 = CYLINDRICAL_SURFACE('',#1145,0.550012700025);
#1145 = AXIS2_PLACEMENT_3D('',#1146,#1147,#1148);
#1146 = CARTESIAN_POINT('',(14.98602997206,-46.37996697993,0.));
#1147 = DIRECTION('',(-0.,-0.,-1.));
#1148 = DIRECTION('',(1.,1.110223024625E-16,-0.));
#1149 = ADVANCED_FACE('',(#1150),#1168,.F.);
#1150 = FACE_BOUND('',#1151,.T.);
#1151 = EDGE_LOOP('',(#1152,#1153,#1160,#1161));
#1152 = ORIENTED_EDGE('',*,*,#1130,.T.);
#1153 = ORIENTED_EDGE('',*,*,#1154,.T.);
#1154 = EDGE_CURVE('',#1122,#1114,#1155,.T.);
#1155 = CIRCLE('',#1156,0.550012700025);
#1156 = AXIS2_PLACEMENT_3D('',#1157,#1158,#1159);
#1157 = CARTESIAN_POINT('',(14.98602997206,-46.37996697993,    1.600050800102));
#1158 = DIRECTION('',(0.,0.,1.));
#1159 = DIRECTION('',(-1.,-1.110223024625E-16,0.));
#1160 = ORIENTED_EDGE('',*,*,#1111,.F.);
#1161 = ORIENTED_EDGE('',*,*,#1162,.F.);
#1162 = EDGE_CURVE('',#1131,#1112,#1163,.T.);
#1163 = CIRCLE('',#1164,0.550012700025);
#1164 = AXIS2_PLACEMENT_3D('',#1165,#1166,#1167);
#1165 = CARTESIAN_POINT('',(14.98602997206,-46.37996697993,0.));
#1166 = DIRECTION('',(0.,0.,1.));
#1167 = DIRECTION('',(-1.,-1.110223024625E-16,0.));
#1168 = CYLINDRICAL_SURFACE('',#1169,0.550012700025);
#1169 = AXIS2_PLACEMENT_3D('',#1170,#1171,#1172);
#1170 = CARTESIAN_POINT('',(14.98602997206,-46.37996697993,0.));
#1171 = DIRECTION('',(-0.,-0.,-1.));
#1172 = DIRECTION('',(-1.,-1.110223024625E-16,0.));
#1173 = ADVANCED_FACE('',(#1174),#1210,.F.);
#1174 = FACE_BOUND('',#1175,.T.);
#1175 = EDGE_LOOP('',(#1176,#1186,#1195,#1203));
#1176 = ORIENTED_EDGE('',*,*,#1177,.T.);
#1177 = EDGE_CURVE('',#1178,#1180,#1182,.T.);
#1178 = VERTEX_POINT('',#1179);
#1179 = CARTESIAN_POINT('',(18.076047752096,-43.83996189992,0.));
#1180 = VERTEX_POINT('',#1181);
#1181 = CARTESIAN_POINT('',(18.076047752096,-43.83996189992,    1.600050800102));
#1182 = LINE('',#1183,#1184);
#1183 = CARTESIAN_POINT('',(18.076047752096,-43.83996189992,0.));
#1184 = VECTOR('',#1185,1.);
#1185 = DIRECTION('',(0.,0.,1.));
#1186 = ORIENTED_EDGE('',*,*,#1187,.T.);
#1187 = EDGE_CURVE('',#1180,#1188,#1190,.T.);
#1188 = VERTEX_POINT('',#1189);
#1189 = CARTESIAN_POINT('',(16.976022352045,-43.83996189992,    1.600050800102));
#1190 = CIRCLE('',#1191,0.550012700025);
#1191 = AXIS2_PLACEMENT_3D('',#1192,#1193,#1194);
#1192 = CARTESIAN_POINT('',(17.52603505207,-43.83996189992,    1.600050800102));
#1193 = DIRECTION('',(0.,0.,1.));
#1194 = DIRECTION('',(1.,1.110223024625E-16,-0.));
#1195 = ORIENTED_EDGE('',*,*,#1196,.F.);
#1196 = EDGE_CURVE('',#1197,#1188,#1199,.T.);
#1197 = VERTEX_POINT('',#1198);
#1198 = CARTESIAN_POINT('',(16.976022352045,-43.83996189992,0.));
#1199 = LINE('',#1200,#1201);
#1200 = CARTESIAN_POINT('',(16.976022352045,-43.83996189992,0.));
#1201 = VECTOR('',#1202,1.);
#1202 = DIRECTION('',(0.,0.,1.));
#1203 = ORIENTED_EDGE('',*,*,#1204,.F.);
#1204 = EDGE_CURVE('',#1178,#1197,#1205,.T.);
#1205 = CIRCLE('',#1206,0.550012700025);
#1206 = AXIS2_PLACEMENT_3D('',#1207,#1208,#1209);
#1207 = CARTESIAN_POINT('',(17.52603505207,-43.83996189992,0.));
#1208 = DIRECTION('',(0.,0.,1.));
#1209 = DIRECTION('',(1.,1.110223024625E-16,-0.));
#1210 = CYLINDRICAL_SURFACE('',#1211,0.550012700025);
#1211 = AXIS2_PLACEMENT_3D('',#1212,#1213,#1214);
#1212 = CARTESIAN_POINT('',(17.52603505207,-43.83996189992,0.));
#1213 = DIRECTION('',(-0.,-0.,-1.));
#1214 = DIRECTION('',(1.,1.110223024625E-16,-0.));
#1215 = ADVANCED_FACE('',(#1216),#1234,.F.);
#1216 = FACE_BOUND('',#1217,.T.);
#1217 = EDGE_LOOP('',(#1218,#1219,#1226,#1227));
#1218 = ORIENTED_EDGE('',*,*,#1196,.T.);
#1219 = ORIENTED_EDGE('',*,*,#1220,.T.);
#1220 = EDGE_CURVE('',#1188,#1180,#1221,.T.);
#1221 = CIRCLE('',#1222,0.550012700025);
#1222 = AXIS2_PLACEMENT_3D('',#1223,#1224,#1225);
#1223 = CARTESIAN_POINT('',(17.52603505207,-43.83996189992,    1.600050800102));
#1224 = DIRECTION('',(0.,0.,1.));
#1225 = DIRECTION('',(-1.,-1.110223024625E-16,0.));
#1226 = ORIENTED_EDGE('',*,*,#1177,.F.);
#1227 = ORIENTED_EDGE('',*,*,#1228,.F.);
#1228 = EDGE_CURVE('',#1197,#1178,#1229,.T.);
#1229 = CIRCLE('',#1230,0.550012700025);
#1230 = AXIS2_PLACEMENT_3D('',#1231,#1232,#1233);
#1231 = CARTESIAN_POINT('',(17.52603505207,-43.83996189992,0.));
#1232 = DIRECTION('',(0.,0.,1.));
#1233 = DIRECTION('',(-1.,-1.110223024625E-16,0.));
#1234 = CYLINDRICAL_SURFACE('',#1235,0.550012700025);
#1235 = AXIS2_PLACEMENT_3D('',#1236,#1237,#1238);
#1236 = CARTESIAN_POINT('',(17.52603505207,-43.83996189992,0.));
#1237 = DIRECTION('',(-0.,-0.,-1.));
#1238 = DIRECTION('',(-1.,-1.110223024625E-16,0.));
#1239 = ADVANCED_FACE('',(#1240),#1276,.F.);
#1240 = FACE_BOUND('',#1241,.T.);
#1241 = EDGE_LOOP('',(#1242,#1252,#1261,#1269));
#1242 = ORIENTED_EDGE('',*,*,#1243,.T.);
#1243 = EDGE_CURVE('',#1244,#1246,#1248,.T.);
#1244 = VERTEX_POINT('',#1245);
#1245 = CARTESIAN_POINT('',(18.076047752096,-46.37996697993,0.));
#1246 = VERTEX_POINT('',#1247);
#1247 = CARTESIAN_POINT('',(18.076047752096,-46.37996697993,    1.600050800102));
#1248 = LINE('',#1249,#1250);
#1249 = CARTESIAN_POINT('',(18.076047752096,-46.37996697993,0.));
#1250 = VECTOR('',#1251,1.);
#1251 = DIRECTION('',(0.,0.,1.));
#1252 = ORIENTED_EDGE('',*,*,#1253,.T.);
#1253 = EDGE_CURVE('',#1246,#1254,#1256,.T.);
#1254 = VERTEX_POINT('',#1255);
#1255 = CARTESIAN_POINT('',(16.976022352045,-46.37996697993,    1.600050800102));
#1256 = CIRCLE('',#1257,0.550012700025);
#1257 = AXIS2_PLACEMENT_3D('',#1258,#1259,#1260);
#1258 = CARTESIAN_POINT('',(17.52603505207,-46.37996697993,    1.600050800102));
#1259 = DIRECTION('',(0.,0.,1.));
#1260 = DIRECTION('',(1.,1.110223024625E-16,-0.));
#1261 = ORIENTED_EDGE('',*,*,#1262,.F.);
#1262 = EDGE_CURVE('',#1263,#1254,#1265,.T.);
#1263 = VERTEX_POINT('',#1264);
#1264 = CARTESIAN_POINT('',(16.976022352045,-46.37996697993,0.));
#1265 = LINE('',#1266,#1267);
#1266 = CARTESIAN_POINT('',(16.976022352045,-46.37996697993,0.));
#1267 = VECTOR('',#1268,1.);
#1268 = DIRECTION('',(0.,0.,1.));
#1269 = ORIENTED_EDGE('',*,*,#1270,.F.);
#1270 = EDGE_CURVE('',#1244,#1263,#1271,.T.);
#1271 = CIRCLE('',#1272,0.550012700025);
#1272 = AXIS2_PLACEMENT_3D('',#1273,#1274,#1275);
#1273 = CARTESIAN_POINT('',(17.52603505207,-46.37996697993,0.));
#1274 = DIRECTION('',(0.,0.,1.));
#1275 = DIRECTION('',(1.,1.110223024625E-16,-0.));
#1276 = CYLINDRICAL_SURFACE('',#1277,0.550012700025);
#1277 = AXIS2_PLACEMENT_3D('',#1278,#1279,#1280);
#1278 = CARTESIAN_POINT('',(17.52603505207,-46.37996697993,0.));
#1279 = DIRECTION('',(-0.,-0.,-1.));
#1280 = DIRECTION('',(1.,1.110223024625E-16,-0.));
#1281 = ADVANCED_FACE('',(#1282),#1300,.F.);
#1282 = FACE_BOUND('',#1283,.T.);
#1283 = EDGE_LOOP('',(#1284,#1285,#1292,#1293));
#1284 = ORIENTED_EDGE('',*,*,#1262,.T.);
#1285 = ORIENTED_EDGE('',*,*,#1286,.T.);
#1286 = EDGE_CURVE('',#1254,#1246,#1287,.T.);
#1287 = CIRCLE('',#1288,0.550012700025);
#1288 = AXIS2_PLACEMENT_3D('',#1289,#1290,#1291);
#1289 = CARTESIAN_POINT('',(17.52603505207,-46.37996697993,    1.600050800102));
#1290 = DIRECTION('',(0.,0.,1.));
#1291 = DIRECTION('',(-1.,-1.110223024625E-16,0.));
#1292 = ORIENTED_EDGE('',*,*,#1243,.F.);
#1293 = ORIENTED_EDGE('',*,*,#1294,.F.);
#1294 = EDGE_CURVE('',#1263,#1244,#1295,.T.);
#1295 = CIRCLE('',#1296,0.550012700025);
#1296 = AXIS2_PLACEMENT_3D('',#1297,#1298,#1299);
#1297 = CARTESIAN_POINT('',(17.52603505207,-46.37996697993,0.));
#1298 = DIRECTION('',(0.,0.,1.));
#1299 = DIRECTION('',(-1.,-1.110223024625E-16,0.));
#1300 = CYLINDRICAL_SURFACE('',#1301,0.550012700025);
#1301 = AXIS2_PLACEMENT_3D('',#1302,#1303,#1304);
#1302 = CARTESIAN_POINT('',(17.52603505207,-46.37996697993,0.));
#1303 = DIRECTION('',(-0.,-0.,-1.));
#1304 = DIRECTION('',(-1.,-1.110223024625E-16,0.));
#1305 = ADVANCED_FACE('',(#1306),#1342,.F.);
#1306 = FACE_BOUND('',#1307,.T.);
#1307 = EDGE_LOOP('',(#1308,#1318,#1327,#1335));
#1308 = ORIENTED_EDGE('',*,*,#1309,.T.);
#1309 = EDGE_CURVE('',#1310,#1312,#1314,.T.);
#1310 = VERTEX_POINT('',#1311);
#1311 = CARTESIAN_POINT('',(20.616052832106,-43.83996189992,0.));
#1312 = VERTEX_POINT('',#1313);
#1313 = CARTESIAN_POINT('',(20.616052832106,-43.83996189992,    1.600050800102));
#1314 = LINE('',#1315,#1316);
#1315 = CARTESIAN_POINT('',(20.616052832106,-43.83996189992,0.));
#1316 = VECTOR('',#1317,1.);
#1317 = DIRECTION('',(0.,0.,1.));
#1318 = ORIENTED_EDGE('',*,*,#1319,.T.);
#1319 = EDGE_CURVE('',#1312,#1320,#1322,.T.);
#1320 = VERTEX_POINT('',#1321);
#1321 = CARTESIAN_POINT('',(19.516027432055,-43.83996189992,    1.600050800102));
#1322 = CIRCLE('',#1323,0.550012700025);
#1323 = AXIS2_PLACEMENT_3D('',#1324,#1325,#1326);
#1324 = CARTESIAN_POINT('',(20.06604013208,-43.83996189992,    1.600050800102));
#1325 = DIRECTION('',(0.,0.,1.));
#1326 = DIRECTION('',(1.,1.110223024625E-16,-0.));
#1327 = ORIENTED_EDGE('',*,*,#1328,.F.);
#1328 = EDGE_CURVE('',#1329,#1320,#1331,.T.);
#1329 = VERTEX_POINT('',#1330);
#1330 = CARTESIAN_POINT('',(19.516027432055,-43.83996189992,0.));
#1331 = LINE('',#1332,#1333);
#1332 = CARTESIAN_POINT('',(19.516027432055,-43.83996189992,0.));
#1333 = VECTOR('',#1334,1.);
#1334 = DIRECTION('',(0.,0.,1.));
#1335 = ORIENTED_EDGE('',*,*,#1336,.F.);
#1336 = EDGE_CURVE('',#1310,#1329,#1337,.T.);
#1337 = CIRCLE('',#1338,0.550012700025);
#1338 = AXIS2_PLACEMENT_3D('',#1339,#1340,#1341);
#1339 = CARTESIAN_POINT('',(20.06604013208,-43.83996189992,0.));
#1340 = DIRECTION('',(0.,0.,1.));
#1341 = DIRECTION('',(1.,1.110223024625E-16,-0.));
#1342 = CYLINDRICAL_SURFACE('',#1343,0.550012700025);
#1343 = AXIS2_PLACEMENT_3D('',#1344,#1345,#1346);
#1344 = CARTESIAN_POINT('',(20.06604013208,-43.83996189992,0.));
#1345 = DIRECTION('',(-0.,-0.,-1.));
#1346 = DIRECTION('',(1.,1.110223024625E-16,-0.));
#1347 = ADVANCED_FACE('',(#1348),#1366,.F.);
#1348 = FACE_BOUND('',#1349,.T.);
#1349 = EDGE_LOOP('',(#1350,#1351,#1358,#1359));
#1350 = ORIENTED_EDGE('',*,*,#1328,.T.);
#1351 = ORIENTED_EDGE('',*,*,#1352,.T.);
#1352 = EDGE_CURVE('',#1320,#1312,#1353,.T.);
#1353 = CIRCLE('',#1354,0.550012700025);
#1354 = AXIS2_PLACEMENT_3D('',#1355,#1356,#1357);
#1355 = CARTESIAN_POINT('',(20.06604013208,-43.83996189992,    1.600050800102));
#1356 = DIRECTION('',(0.,0.,1.));
#1357 = DIRECTION('',(-1.,-1.110223024625E-16,0.));
#1358 = ORIENTED_EDGE('',*,*,#1309,.F.);
#1359 = ORIENTED_EDGE('',*,*,#1360,.F.);
#1360 = EDGE_CURVE('',#1329,#1310,#1361,.T.);
#1361 = CIRCLE('',#1362,0.550012700025);
#1362 = AXIS2_PLACEMENT_3D('',#1363,#1364,#1365);
#1363 = CARTESIAN_POINT('',(20.06604013208,-43.83996189992,0.));
#1364 = DIRECTION('',(0.,0.,1.));
#1365 = DIRECTION('',(-1.,-1.110223024625E-16,0.));
#1366 = CYLINDRICAL_SURFACE('',#1367,0.550012700025);
#1367 = AXIS2_PLACEMENT_3D('',#1368,#1369,#1370);
#1368 = CARTESIAN_POINT('',(20.06604013208,-43.83996189992,0.));
#1369 = DIRECTION('',(-0.,-0.,-1.));
#1370 = DIRECTION('',(-1.,-1.110223024625E-16,0.));
#1371 = ADVANCED_FACE('',(#1372),#1408,.F.);
#1372 = FACE_BOUND('',#1373,.T.);
#1373 = EDGE_LOOP('',(#1374,#1384,#1393,#1401));
#1374 = ORIENTED_EDGE('',*,*,#1375,.T.);
#1375 = EDGE_CURVE('',#1376,#1378,#1380,.T.);
#1376 = VERTEX_POINT('',#1377);
#1377 = CARTESIAN_POINT('',(20.616052832106,-46.37996697993,0.));
#1378 = VERTEX_POINT('',#1379);
#1379 = CARTESIAN_POINT('',(20.616052832106,-46.37996697993,    1.600050800102));
#1380 = LINE('',#1381,#1382);
#1381 = CARTESIAN_POINT('',(20.616052832106,-46.37996697993,0.));
#1382 = VECTOR('',#1383,1.);
#1383 = DIRECTION('',(0.,0.,1.));
#1384 = ORIENTED_EDGE('',*,*,#1385,.T.);
#1385 = EDGE_CURVE('',#1378,#1386,#1388,.T.);
#1386 = VERTEX_POINT('',#1387);
#1387 = CARTESIAN_POINT('',(19.516027432055,-46.37996697993,    1.600050800102));
#1388 = CIRCLE('',#1389,0.550012700025);
#1389 = AXIS2_PLACEMENT_3D('',#1390,#1391,#1392);
#1390 = CARTESIAN_POINT('',(20.06604013208,-46.37996697993,    1.600050800102));
#1391 = DIRECTION('',(0.,0.,1.));
#1392 = DIRECTION('',(1.,1.110223024625E-16,-0.));
#1393 = ORIENTED_EDGE('',*,*,#1394,.F.);
#1394 = EDGE_CURVE('',#1395,#1386,#1397,.T.);
#1395 = VERTEX_POINT('',#1396);
#1396 = CARTESIAN_POINT('',(19.516027432055,-46.37996697993,0.));
#1397 = LINE('',#1398,#1399);
#1398 = CARTESIAN_POINT('',(19.516027432055,-46.37996697993,0.));
#1399 = VECTOR('',#1400,1.);
#1400 = DIRECTION('',(0.,0.,1.));
#1401 = ORIENTED_EDGE('',*,*,#1402,.F.);
#1402 = EDGE_CURVE('',#1376,#1395,#1403,.T.);
#1403 = CIRCLE('',#1404,0.550012700025);
#1404 = AXIS2_PLACEMENT_3D('',#1405,#1406,#1407);
#1405 = CARTESIAN_POINT('',(20.06604013208,-46.37996697993,0.));
#1406 = DIRECTION('',(0.,0.,1.));
#1407 = DIRECTION('',(1.,1.110223024625E-16,-0.));
#1408 = CYLINDRICAL_SURFACE('',#1409,0.550012700025);
#1409 = AXIS2_PLACEMENT_3D('',#1410,#1411,#1412);
#1410 = CARTESIAN_POINT('',(20.06604013208,-46.37996697993,0.));
#1411 = DIRECTION('',(-0.,-0.,-1.));
#1412 = DIRECTION('',(1.,1.110223024625E-16,-0.));
#1413 = ADVANCED_FACE('',(#1414),#1432,.F.);
#1414 = FACE_BOUND('',#1415,.T.);
#1415 = EDGE_LOOP('',(#1416,#1417,#1424,#1425));
#1416 = ORIENTED_EDGE('',*,*,#1394,.T.);
#1417 = ORIENTED_EDGE('',*,*,#1418,.T.);
#1418 = EDGE_CURVE('',#1386,#1378,#1419,.T.);
#1419 = CIRCLE('',#1420,0.550012700025);
#1420 = AXIS2_PLACEMENT_3D('',#1421,#1422,#1423);
#1421 = CARTESIAN_POINT('',(20.06604013208,-46.37996697993,    1.600050800102));
#1422 = DIRECTION('',(0.,0.,1.));
#1423 = DIRECTION('',(-1.,-1.110223024625E-16,0.));
#1424 = ORIENTED_EDGE('',*,*,#1375,.F.);
#1425 = ORIENTED_EDGE('',*,*,#1426,.F.);
#1426 = EDGE_CURVE('',#1395,#1376,#1427,.T.);
#1427 = CIRCLE('',#1428,0.550012700025);
#1428 = AXIS2_PLACEMENT_3D('',#1429,#1430,#1431);
#1429 = CARTESIAN_POINT('',(20.06604013208,-46.37996697993,0.));
#1430 = DIRECTION('',(0.,0.,1.));
#1431 = DIRECTION('',(-1.,-1.110223024625E-16,0.));
#1432 = CYLINDRICAL_SURFACE('',#1433,0.550012700025);
#1433 = AXIS2_PLACEMENT_3D('',#1434,#1435,#1436);
#1434 = CARTESIAN_POINT('',(20.06604013208,-46.37996697993,0.));
#1435 = DIRECTION('',(-0.,-0.,-1.));
#1436 = DIRECTION('',(-1.,-1.110223024625E-16,0.));
#1437 = ADVANCED_FACE('',(#1438),#1474,.F.);
#1438 = FACE_BOUND('',#1439,.T.);
#1439 = EDGE_LOOP('',(#1440,#1450,#1459,#1467));
#1440 = ORIENTED_EDGE('',*,*,#1441,.T.);
#1441 = EDGE_CURVE('',#1442,#1444,#1446,.T.);
#1442 = VERTEX_POINT('',#1443);
#1443 = CARTESIAN_POINT('',(23.156057912116,-43.83996189992,0.));
#1444 = VERTEX_POINT('',#1445);
#1445 = CARTESIAN_POINT('',(23.156057912116,-43.83996189992,    1.600050800102));
#1446 = LINE('',#1447,#1448);
#1447 = CARTESIAN_POINT('',(23.156057912116,-43.83996189992,0.));
#1448 = VECTOR('',#1449,1.);
#1449 = DIRECTION('',(0.,0.,1.));
#1450 = ORIENTED_EDGE('',*,*,#1451,.T.);
#1451 = EDGE_CURVE('',#1444,#1452,#1454,.T.);
#1452 = VERTEX_POINT('',#1453);
#1453 = CARTESIAN_POINT('',(22.056032512065,-43.83996189992,    1.600050800102));
#1454 = CIRCLE('',#1455,0.550012700025);
#1455 = AXIS2_PLACEMENT_3D('',#1456,#1457,#1458);
#1456 = CARTESIAN_POINT('',(22.60604521209,-43.83996189992,    1.600050800102));
#1457 = DIRECTION('',(0.,0.,1.));
#1458 = DIRECTION('',(1.,1.110223024625E-16,-0.));
#1459 = ORIENTED_EDGE('',*,*,#1460,.F.);
#1460 = EDGE_CURVE('',#1461,#1452,#1463,.T.);
#1461 = VERTEX_POINT('',#1462);
#1462 = CARTESIAN_POINT('',(22.056032512065,-43.83996189992,0.));
#1463 = LINE('',#1464,#1465);
#1464 = CARTESIAN_POINT('',(22.056032512065,-43.83996189992,0.));
#1465 = VECTOR('',#1466,1.);
#1466 = DIRECTION('',(0.,0.,1.));
#1467 = ORIENTED_EDGE('',*,*,#1468,.F.);
#1468 = EDGE_CURVE('',#1442,#1461,#1469,.T.);
#1469 = CIRCLE('',#1470,0.550012700025);
#1470 = AXIS2_PLACEMENT_3D('',#1471,#1472,#1473);
#1471 = CARTESIAN_POINT('',(22.60604521209,-43.83996189992,0.));
#1472 = DIRECTION('',(0.,0.,1.));
#1473 = DIRECTION('',(1.,1.110223024625E-16,-0.));
#1474 = CYLINDRICAL_SURFACE('',#1475,0.550012700025);
#1475 = AXIS2_PLACEMENT_3D('',#1476,#1477,#1478);
#1476 = CARTESIAN_POINT('',(22.60604521209,-43.83996189992,0.));
#1477 = DIRECTION('',(-0.,-0.,-1.));
#1478 = DIRECTION('',(1.,1.110223024625E-16,-0.));
#1479 = ADVANCED_FACE('',(#1480),#1498,.F.);
#1480 = FACE_BOUND('',#1481,.T.);
#1481 = EDGE_LOOP('',(#1482,#1483,#1490,#1491));
#1482 = ORIENTED_EDGE('',*,*,#1460,.T.);
#1483 = ORIENTED_EDGE('',*,*,#1484,.T.);
#1484 = EDGE_CURVE('',#1452,#1444,#1485,.T.);
#1485 = CIRCLE('',#1486,0.550012700025);
#1486 = AXIS2_PLACEMENT_3D('',#1487,#1488,#1489);
#1487 = CARTESIAN_POINT('',(22.60604521209,-43.83996189992,    1.600050800102));
#1488 = DIRECTION('',(0.,0.,1.));
#1489 = DIRECTION('',(-1.,-1.110223024625E-16,0.));
#1490 = ORIENTED_EDGE('',*,*,#1441,.F.);
#1491 = ORIENTED_EDGE('',*,*,#1492,.F.);
#1492 = EDGE_CURVE('',#1461,#1442,#1493,.T.);
#1493 = CIRCLE('',#1494,0.550012700025);
#1494 = AXIS2_PLACEMENT_3D('',#1495,#1496,#1497);
#1495 = CARTESIAN_POINT('',(22.60604521209,-43.83996189992,0.));
#1496 = DIRECTION('',(0.,0.,1.));
#1497 = DIRECTION('',(-1.,-1.110223024625E-16,0.));
#1498 = CYLINDRICAL_SURFACE('',#1499,0.550012700025);
#1499 = AXIS2_PLACEMENT_3D('',#1500,#1501,#1502);
#1500 = CARTESIAN_POINT('',(22.60604521209,-43.83996189992,0.));
#1501 = DIRECTION('',(-0.,-0.,-1.));
#1502 = DIRECTION('',(-1.,-1.110223024625E-16,0.));
#1503 = ADVANCED_FACE('',(#1504),#1540,.F.);
#1504 = FACE_BOUND('',#1505,.T.);
#1505 = EDGE_LOOP('',(#1506,#1516,#1525,#1533));
#1506 = ORIENTED_EDGE('',*,*,#1507,.T.);
#1507 = EDGE_CURVE('',#1508,#1510,#1512,.T.);
#1508 = VERTEX_POINT('',#1509);
#1509 = CARTESIAN_POINT('',(23.156057912116,-46.37996697993,0.));
#1510 = VERTEX_POINT('',#1511);
#1511 = CARTESIAN_POINT('',(23.156057912116,-46.37996697993,    1.600050800102));
#1512 = LINE('',#1513,#1514);
#1513 = CARTESIAN_POINT('',(23.156057912116,-46.37996697993,0.));
#1514 = VECTOR('',#1515,1.);
#1515 = DIRECTION('',(0.,0.,1.));
#1516 = ORIENTED_EDGE('',*,*,#1517,.T.);
#1517 = EDGE_CURVE('',#1510,#1518,#1520,.T.);
#1518 = VERTEX_POINT('',#1519);
#1519 = CARTESIAN_POINT('',(22.056032512065,-46.37996697993,    1.600050800102));
#1520 = CIRCLE('',#1521,0.550012700025);
#1521 = AXIS2_PLACEMENT_3D('',#1522,#1523,#1524);
#1522 = CARTESIAN_POINT('',(22.60604521209,-46.37996697993,    1.600050800102));
#1523 = DIRECTION('',(0.,0.,1.));
#1524 = DIRECTION('',(1.,1.110223024625E-16,-0.));
#1525 = ORIENTED_EDGE('',*,*,#1526,.F.);
#1526 = EDGE_CURVE('',#1527,#1518,#1529,.T.);
#1527 = VERTEX_POINT('',#1528);
#1528 = CARTESIAN_POINT('',(22.056032512065,-46.37996697993,0.));
#1529 = LINE('',#1530,#1531);
#1530 = CARTESIAN_POINT('',(22.056032512065,-46.37996697993,0.));
#1531 = VECTOR('',#1532,1.);
#1532 = DIRECTION('',(0.,0.,1.));
#1533 = ORIENTED_EDGE('',*,*,#1534,.F.);
#1534 = EDGE_CURVE('',#1508,#1527,#1535,.T.);
#1535 = CIRCLE('',#1536,0.550012700025);
#1536 = AXIS2_PLACEMENT_3D('',#1537,#1538,#1539);
#1537 = CARTESIAN_POINT('',(22.60604521209,-46.37996697993,0.));
#1538 = DIRECTION('',(0.,0.,1.));
#1539 = DIRECTION('',(1.,1.110223024625E-16,-0.));
#1540 = CYLINDRICAL_SURFACE('',#1541,0.550012700025);
#1541 = AXIS2_PLACEMENT_3D('',#1542,#1543,#1544);
#1542 = CARTESIAN_POINT('',(22.60604521209,-46.37996697993,0.));
#1543 = DIRECTION('',(-0.,-0.,-1.));
#1544 = DIRECTION('',(1.,1.110223024625E-16,-0.));
#1545 = ADVANCED_FACE('',(#1546),#1564,.F.);
#1546 = FACE_BOUND('',#1547,.T.);
#1547 = EDGE_LOOP('',(#1548,#1549,#1556,#1557));
#1548 = ORIENTED_EDGE('',*,*,#1526,.T.);
#1549 = ORIENTED_EDGE('',*,*,#1550,.T.);
#1550 = EDGE_CURVE('',#1518,#1510,#1551,.T.);
#1551 = CIRCLE('',#1552,0.550012700025);
#1552 = AXIS2_PLACEMENT_3D('',#1553,#1554,#1555);
#1553 = CARTESIAN_POINT('',(22.60604521209,-46.37996697993,    1.600050800102));
#1554 = DIRECTION('',(0.,0.,1.));
#1555 = DIRECTION('',(-1.,-1.110223024625E-16,0.));
#1556 = ORIENTED_EDGE('',*,*,#1507,.F.);
#1557 = ORIENTED_EDGE('',*,*,#1558,.F.);
#1558 = EDGE_CURVE('',#1527,#1508,#1559,.T.);
#1559 = CIRCLE('',#1560,0.550012700025);
#1560 = AXIS2_PLACEMENT_3D('',#1561,#1562,#1563);
#1561 = CARTESIAN_POINT('',(22.60604521209,-46.37996697993,0.));
#1562 = DIRECTION('',(0.,0.,1.));
#1563 = DIRECTION('',(-1.,-1.110223024625E-16,0.));
#1564 = CYLINDRICAL_SURFACE('',#1565,0.550012700025);
#1565 = AXIS2_PLACEMENT_3D('',#1566,#1567,#1568);
#1566 = CARTESIAN_POINT('',(22.60604521209,-46.37996697993,0.));
#1567 = DIRECTION('',(-0.,-0.,-1.));
#1568 = DIRECTION('',(-1.,-1.110223024625E-16,0.));
#1569 = ADVANCED_FACE('',(#1570),#1606,.F.);
#1570 = FACE_BOUND('',#1571,.T.);
#1571 = EDGE_LOOP('',(#1572,#1582,#1591,#1599));
#1572 = ORIENTED_EDGE('',*,*,#1573,.T.);
#1573 = EDGE_CURVE('',#1574,#1576,#1578,.T.);
#1574 = VERTEX_POINT('',#1575);
#1575 = CARTESIAN_POINT('',(25.442062484125,-26.1990525781,0.));
#1576 = VERTEX_POINT('',#1577);
#1577 = CARTESIAN_POINT('',(25.442062484125,-26.1990525781,    1.600050800102));
#1578 = LINE('',#1579,#1580);
#1579 = CARTESIAN_POINT('',(25.442062484125,-26.1990525781,0.));
#1580 = VECTOR('',#1581,1.);
#1581 = DIRECTION('',(0.,0.,1.));
#1582 = ORIENTED_EDGE('',*,*,#1583,.T.);
#1583 = EDGE_CURVE('',#1576,#1584,#1586,.T.);
#1584 = VERTEX_POINT('',#1585);
#1585 = CARTESIAN_POINT('',(24.342037084074,-26.1990525781,    1.600050800102));
#1586 = CIRCLE('',#1587,0.550012700025);
#1587 = AXIS2_PLACEMENT_3D('',#1588,#1589,#1590);
#1588 = CARTESIAN_POINT('',(24.8920497841,-26.1990525781,1.600050800102)  );
#1589 = DIRECTION('',(0.,0.,1.));
#1590 = DIRECTION('',(1.,1.110223024625E-16,-0.));
#1591 = ORIENTED_EDGE('',*,*,#1592,.F.);
#1592 = EDGE_CURVE('',#1593,#1584,#1595,.T.);
#1593 = VERTEX_POINT('',#1594);
#1594 = CARTESIAN_POINT('',(24.342037084074,-26.1990525781,0.));
#1595 = LINE('',#1596,#1597);
#1596 = CARTESIAN_POINT('',(24.342037084074,-26.1990525781,0.));
#1597 = VECTOR('',#1598,1.);
#1598 = DIRECTION('',(0.,0.,1.));
#1599 = ORIENTED_EDGE('',*,*,#1600,.F.);
#1600 = EDGE_CURVE('',#1574,#1593,#1601,.T.);
#1601 = CIRCLE('',#1602,0.550012700025);
#1602 = AXIS2_PLACEMENT_3D('',#1603,#1604,#1605);
#1603 = CARTESIAN_POINT('',(24.8920497841,-26.1990525781,0.));
#1604 = DIRECTION('',(0.,0.,1.));
#1605 = DIRECTION('',(1.,1.110223024625E-16,-0.));
#1606 = CYLINDRICAL_SURFACE('',#1607,0.550012700025);
#1607 = AXIS2_PLACEMENT_3D('',#1608,#1609,#1610);
#1608 = CARTESIAN_POINT('',(24.8920497841,-26.1990525781,0.));
#1609 = DIRECTION('',(-0.,-0.,-1.));
#1610 = DIRECTION('',(1.,1.110223024625E-16,-0.));
#1611 = ADVANCED_FACE('',(#1612),#1630,.F.);
#1612 = FACE_BOUND('',#1613,.T.);
#1613 = EDGE_LOOP('',(#1614,#1615,#1622,#1623));
#1614 = ORIENTED_EDGE('',*,*,#1592,.T.);
#1615 = ORIENTED_EDGE('',*,*,#1616,.T.);
#1616 = EDGE_CURVE('',#1584,#1576,#1617,.T.);
#1617 = CIRCLE('',#1618,0.550012700025);
#1618 = AXIS2_PLACEMENT_3D('',#1619,#1620,#1621);
#1619 = CARTESIAN_POINT('',(24.8920497841,-26.1990525781,1.600050800102)  );
#1620 = DIRECTION('',(0.,0.,1.));
#1621 = DIRECTION('',(-1.,-1.110223024625E-16,0.));
#1622 = ORIENTED_EDGE('',*,*,#1573,.F.);
#1623 = ORIENTED_EDGE('',*,*,#1624,.F.);
#1624 = EDGE_CURVE('',#1593,#1574,#1625,.T.);
#1625 = CIRCLE('',#1626,0.550012700025);
#1626 = AXIS2_PLACEMENT_3D('',#1627,#1628,#1629);
#1627 = CARTESIAN_POINT('',(24.8920497841,-26.1990525781,0.));
#1628 = DIRECTION('',(0.,0.,1.));
#1629 = DIRECTION('',(-1.,-1.110223024625E-16,0.));
#1630 = CYLINDRICAL_SURFACE('',#1631,0.550012700025);
#1631 = AXIS2_PLACEMENT_3D('',#1632,#1633,#1634);
#1632 = CARTESIAN_POINT('',(24.8920497841,-26.1990525781,0.));
#1633 = DIRECTION('',(-0.,-0.,-1.));
#1634 = DIRECTION('',(-1.,-1.110223024625E-16,0.));
#1635 = ADVANCED_FACE('',(#1636),#1672,.F.);
#1636 = FACE_BOUND('',#1637,.T.);
#1637 = EDGE_LOOP('',(#1638,#1648,#1657,#1665));
#1638 = ORIENTED_EDGE('',*,*,#1639,.T.);
#1639 = EDGE_CURVE('',#1640,#1642,#1644,.T.);
#1640 = VERTEX_POINT('',#1641);
#1641 = CARTESIAN_POINT('',(25.442062484125,-28.73905765811,0.));
#1642 = VERTEX_POINT('',#1643);
#1643 = CARTESIAN_POINT('',(25.442062484125,-28.73905765811,    1.600050800102));
#1644 = LINE('',#1645,#1646);
#1645 = CARTESIAN_POINT('',(25.442062484125,-28.73905765811,0.));
#1646 = VECTOR('',#1647,1.);
#1647 = DIRECTION('',(0.,0.,1.));
#1648 = ORIENTED_EDGE('',*,*,#1649,.T.);
#1649 = EDGE_CURVE('',#1642,#1650,#1652,.T.);
#1650 = VERTEX_POINT('',#1651);
#1651 = CARTESIAN_POINT('',(24.342037084074,-28.73905765811,    1.600050800102));
#1652 = CIRCLE('',#1653,0.550012700025);
#1653 = AXIS2_PLACEMENT_3D('',#1654,#1655,#1656);
#1654 = CARTESIAN_POINT('',(24.8920497841,-28.73905765811,1.600050800102    ));
#1655 = DIRECTION('',(0.,0.,1.));
#1656 = DIRECTION('',(1.,1.110223024625E-16,-0.));
#1657 = ORIENTED_EDGE('',*,*,#1658,.F.);
#1658 = EDGE_CURVE('',#1659,#1650,#1661,.T.);
#1659 = VERTEX_POINT('',#1660);
#1660 = CARTESIAN_POINT('',(24.342037084074,-28.73905765811,0.));
#1661 = LINE('',#1662,#1663);
#1662 = CARTESIAN_POINT('',(24.342037084074,-28.73905765811,0.));
#1663 = VECTOR('',#1664,1.);
#1664 = DIRECTION('',(0.,0.,1.));
#1665 = ORIENTED_EDGE('',*,*,#1666,.F.);
#1666 = EDGE_CURVE('',#1640,#1659,#1667,.T.);
#1667 = CIRCLE('',#1668,0.550012700025);
#1668 = AXIS2_PLACEMENT_3D('',#1669,#1670,#1671);
#1669 = CARTESIAN_POINT('',(24.8920497841,-28.73905765811,0.));
#1670 = DIRECTION('',(0.,0.,1.));
#1671 = DIRECTION('',(1.,1.110223024625E-16,-0.));
#1672 = CYLINDRICAL_SURFACE('',#1673,0.550012700025);
#1673 = AXIS2_PLACEMENT_3D('',#1674,#1675,#1676);
#1674 = CARTESIAN_POINT('',(24.8920497841,-28.73905765811,0.));
#1675 = DIRECTION('',(-0.,-0.,-1.));
#1676 = DIRECTION('',(1.,1.110223024625E-16,-0.));
#1677 = ADVANCED_FACE('',(#1678),#1696,.F.);
#1678 = FACE_BOUND('',#1679,.T.);
#1679 = EDGE_LOOP('',(#1680,#1681,#1688,#1689));
#1680 = ORIENTED_EDGE('',*,*,#1658,.T.);
#1681 = ORIENTED_EDGE('',*,*,#1682,.T.);
#1682 = EDGE_CURVE('',#1650,#1642,#1683,.T.);
#1683 = CIRCLE('',#1684,0.550012700025);
#1684 = AXIS2_PLACEMENT_3D('',#1685,#1686,#1687);
#1685 = CARTESIAN_POINT('',(24.8920497841,-28.73905765811,1.600050800102    ));
#1686 = DIRECTION('',(0.,0.,1.));
#1687 = DIRECTION('',(-1.,-1.110223024625E-16,0.));
#1688 = ORIENTED_EDGE('',*,*,#1639,.F.);
#1689 = ORIENTED_EDGE('',*,*,#1690,.F.);
#1690 = EDGE_CURVE('',#1659,#1640,#1691,.T.);
#1691 = CIRCLE('',#1692,0.550012700025);
#1692 = AXIS2_PLACEMENT_3D('',#1693,#1694,#1695);
#1693 = CARTESIAN_POINT('',(24.8920497841,-28.73905765811,0.));
#1694 = DIRECTION('',(0.,0.,1.));
#1695 = DIRECTION('',(-1.,-1.110223024625E-16,0.));
#1696 = CYLINDRICAL_SURFACE('',#1697,0.550012700025);
#1697 = AXIS2_PLACEMENT_3D('',#1698,#1699,#1700);
#1698 = CARTESIAN_POINT('',(24.8920497841,-28.73905765811,0.));
#1699 = DIRECTION('',(-0.,-0.,-1.));
#1700 = DIRECTION('',(-1.,-1.110223024625E-16,0.));
#1701 = ADVANCED_FACE('',(#1702),#1738,.F.);
#1702 = FACE_BOUND('',#1703,.T.);
#1703 = EDGE_LOOP('',(#1704,#1714,#1723,#1731));
#1704 = ORIENTED_EDGE('',*,*,#1705,.T.);
#1705 = EDGE_CURVE('',#1706,#1708,#1710,.T.);
#1706 = VERTEX_POINT('',#1707);
#1707 = CARTESIAN_POINT('',(25.442062484125,-31.27906273812,0.));
#1708 = VERTEX_POINT('',#1709);
#1709 = CARTESIAN_POINT('',(25.442062484125,-31.27906273812,    1.600050800102));
#1710 = LINE('',#1711,#1712);
#1711 = CARTESIAN_POINT('',(25.442062484125,-31.27906273812,0.));
#1712 = VECTOR('',#1713,1.);
#1713 = DIRECTION('',(0.,0.,1.));
#1714 = ORIENTED_EDGE('',*,*,#1715,.T.);
#1715 = EDGE_CURVE('',#1708,#1716,#1718,.T.);
#1716 = VERTEX_POINT('',#1717);
#1717 = CARTESIAN_POINT('',(24.342037084074,-31.27906273812,    1.600050800102));
#1718 = CIRCLE('',#1719,0.550012700025);
#1719 = AXIS2_PLACEMENT_3D('',#1720,#1721,#1722);
#1720 = CARTESIAN_POINT('',(24.8920497841,-31.27906273812,1.600050800102    ));
#1721 = DIRECTION('',(0.,0.,1.));
#1722 = DIRECTION('',(1.,1.110223024625E-16,-0.));
#1723 = ORIENTED_EDGE('',*,*,#1724,.F.);
#1724 = EDGE_CURVE('',#1725,#1716,#1727,.T.);
#1725 = VERTEX_POINT('',#1726);
#1726 = CARTESIAN_POINT('',(24.342037084074,-31.27906273812,0.));
#1727 = LINE('',#1728,#1729);
#1728 = CARTESIAN_POINT('',(24.342037084074,-31.27906273812,0.));
#1729 = VECTOR('',#1730,1.);
#1730 = DIRECTION('',(0.,0.,1.));
#1731 = ORIENTED_EDGE('',*,*,#1732,.F.);
#1732 = EDGE_CURVE('',#1706,#1725,#1733,.T.);
#1733 = CIRCLE('',#1734,0.550012700025);
#1734 = AXIS2_PLACEMENT_3D('',#1735,#1736,#1737);
#1735 = CARTESIAN_POINT('',(24.8920497841,-31.27906273812,0.));
#1736 = DIRECTION('',(0.,0.,1.));
#1737 = DIRECTION('',(1.,1.110223024625E-16,-0.));
#1738 = CYLINDRICAL_SURFACE('',#1739,0.550012700025);
#1739 = AXIS2_PLACEMENT_3D('',#1740,#1741,#1742);
#1740 = CARTESIAN_POINT('',(24.8920497841,-31.27906273812,0.));
#1741 = DIRECTION('',(-0.,-0.,-1.));
#1742 = DIRECTION('',(1.,1.110223024625E-16,-0.));
#1743 = ADVANCED_FACE('',(#1744),#1762,.F.);
#1744 = FACE_BOUND('',#1745,.T.);
#1745 = EDGE_LOOP('',(#1746,#1747,#1754,#1755));
#1746 = ORIENTED_EDGE('',*,*,#1724,.T.);
#1747 = ORIENTED_EDGE('',*,*,#1748,.T.);
#1748 = EDGE_CURVE('',#1716,#1708,#1749,.T.);
#1749 = CIRCLE('',#1750,0.550012700025);
#1750 = AXIS2_PLACEMENT_3D('',#1751,#1752,#1753);
#1751 = CARTESIAN_POINT('',(24.8920497841,-31.27906273812,1.600050800102    ));
#1752 = DIRECTION('',(0.,0.,1.));
#1753 = DIRECTION('',(-1.,-1.110223024625E-16,0.));
#1754 = ORIENTED_EDGE('',*,*,#1705,.F.);
#1755 = ORIENTED_EDGE('',*,*,#1756,.F.);
#1756 = EDGE_CURVE('',#1725,#1706,#1757,.T.);
#1757 = CIRCLE('',#1758,0.550012700025);
#1758 = AXIS2_PLACEMENT_3D('',#1759,#1760,#1761);
#1759 = CARTESIAN_POINT('',(24.8920497841,-31.27906273812,0.));
#1760 = DIRECTION('',(0.,0.,1.));
#1761 = DIRECTION('',(-1.,-1.110223024625E-16,0.));
#1762 = CYLINDRICAL_SURFACE('',#1763,0.550012700025);
#1763 = AXIS2_PLACEMENT_3D('',#1764,#1765,#1766);
#1764 = CARTESIAN_POINT('',(24.8920497841,-31.27906273812,0.));
#1765 = DIRECTION('',(-0.,-0.,-1.));
#1766 = DIRECTION('',(-1.,-1.110223024625E-16,0.));
#1767 = ADVANCED_FACE('',(#1768),#1804,.F.);
#1768 = FACE_BOUND('',#1769,.T.);
#1769 = EDGE_LOOP('',(#1770,#1780,#1789,#1797));
#1770 = ORIENTED_EDGE('',*,*,#1771,.T.);
#1771 = EDGE_CURVE('',#1772,#1774,#1776,.T.);
#1772 = VERTEX_POINT('',#1773);
#1773 = CARTESIAN_POINT('',(25.442062484125,-13.49902717805,0.));
#1774 = VERTEX_POINT('',#1775);
#1775 = CARTESIAN_POINT('',(25.442062484125,-13.49902717805,    1.600050800102));
#1776 = LINE('',#1777,#1778);
#1777 = CARTESIAN_POINT('',(25.442062484125,-13.49902717805,0.));
#1778 = VECTOR('',#1779,1.);
#1779 = DIRECTION('',(0.,0.,1.));
#1780 = ORIENTED_EDGE('',*,*,#1781,.T.);
#1781 = EDGE_CURVE('',#1774,#1782,#1784,.T.);
#1782 = VERTEX_POINT('',#1783);
#1783 = CARTESIAN_POINT('',(24.342037084074,-13.49902717805,    1.600050800102));
#1784 = CIRCLE('',#1785,0.550012700025);
#1785 = AXIS2_PLACEMENT_3D('',#1786,#1787,#1788);
#1786 = CARTESIAN_POINT('',(24.8920497841,-13.49902717805,1.600050800102    ));
#1787 = DIRECTION('',(0.,0.,1.));
#1788 = DIRECTION('',(1.,1.110223024625E-16,-0.));
#1789 = ORIENTED_EDGE('',*,*,#1790,.F.);
#1790 = EDGE_CURVE('',#1791,#1782,#1793,.T.);
#1791 = VERTEX_POINT('',#1792);
#1792 = CARTESIAN_POINT('',(24.342037084074,-13.49902717805,0.));
#1793 = LINE('',#1794,#1795);
#1794 = CARTESIAN_POINT('',(24.342037084074,-13.49902717805,0.));
#1795 = VECTOR('',#1796,1.);
#1796 = DIRECTION('',(0.,0.,1.));
#1797 = ORIENTED_EDGE('',*,*,#1798,.F.);
#1798 = EDGE_CURVE('',#1772,#1791,#1799,.T.);
#1799 = CIRCLE('',#1800,0.550012700025);
#1800 = AXIS2_PLACEMENT_3D('',#1801,#1802,#1803);
#1801 = CARTESIAN_POINT('',(24.8920497841,-13.49902717805,0.));
#1802 = DIRECTION('',(0.,0.,1.));
#1803 = DIRECTION('',(1.,1.110223024625E-16,-0.));
#1804 = CYLINDRICAL_SURFACE('',#1805,0.550012700025);
#1805 = AXIS2_PLACEMENT_3D('',#1806,#1807,#1808);
#1806 = CARTESIAN_POINT('',(24.8920497841,-13.49902717805,0.));
#1807 = DIRECTION('',(-0.,-0.,-1.));
#1808 = DIRECTION('',(1.,1.110223024625E-16,-0.));
#1809 = ADVANCED_FACE('',(#1810),#1828,.F.);
#1810 = FACE_BOUND('',#1811,.T.);
#1811 = EDGE_LOOP('',(#1812,#1813,#1820,#1821));
#1812 = ORIENTED_EDGE('',*,*,#1790,.T.);
#1813 = ORIENTED_EDGE('',*,*,#1814,.T.);
#1814 = EDGE_CURVE('',#1782,#1774,#1815,.T.);
#1815 = CIRCLE('',#1816,0.550012700025);
#1816 = AXIS2_PLACEMENT_3D('',#1817,#1818,#1819);
#1817 = CARTESIAN_POINT('',(24.8920497841,-13.49902717805,1.600050800102    ));
#1818 = DIRECTION('',(0.,0.,1.));
#1819 = DIRECTION('',(-1.,-1.110223024625E-16,0.));
#1820 = ORIENTED_EDGE('',*,*,#1771,.F.);
#1821 = ORIENTED_EDGE('',*,*,#1822,.F.);
#1822 = EDGE_CURVE('',#1791,#1772,#1823,.T.);
#1823 = CIRCLE('',#1824,0.550012700025);
#1824 = AXIS2_PLACEMENT_3D('',#1825,#1826,#1827);
#1825 = CARTESIAN_POINT('',(24.8920497841,-13.49902717805,0.));
#1826 = DIRECTION('',(0.,0.,1.));
#1827 = DIRECTION('',(-1.,-1.110223024625E-16,0.));
#1828 = CYLINDRICAL_SURFACE('',#1829,0.550012700025);
#1829 = AXIS2_PLACEMENT_3D('',#1830,#1831,#1832);
#1830 = CARTESIAN_POINT('',(24.8920497841,-13.49902717805,0.));
#1831 = DIRECTION('',(-0.,-0.,-1.));
#1832 = DIRECTION('',(-1.,-1.110223024625E-16,0.));
#1833 = ADVANCED_FACE('',(#1834),#1870,.F.);
#1834 = FACE_BOUND('',#1835,.T.);
#1835 = EDGE_LOOP('',(#1836,#1846,#1855,#1863));
#1836 = ORIENTED_EDGE('',*,*,#1837,.T.);
#1837 = EDGE_CURVE('',#1838,#1840,#1842,.T.);
#1838 = VERTEX_POINT('',#1839);
#1839 = CARTESIAN_POINT('',(25.442062484125,-16.03903225806,0.));
#1840 = VERTEX_POINT('',#1841);
#1841 = CARTESIAN_POINT('',(25.442062484125,-16.03903225806,    1.600050800102));
#1842 = LINE('',#1843,#1844);
#1843 = CARTESIAN_POINT('',(25.442062484125,-16.03903225806,0.));
#1844 = VECTOR('',#1845,1.);
#1845 = DIRECTION('',(0.,0.,1.));
#1846 = ORIENTED_EDGE('',*,*,#1847,.T.);
#1847 = EDGE_CURVE('',#1840,#1848,#1850,.T.);
#1848 = VERTEX_POINT('',#1849);
#1849 = CARTESIAN_POINT('',(24.342037084074,-16.03903225806,    1.600050800102));
#1850 = CIRCLE('',#1851,0.550012700025);
#1851 = AXIS2_PLACEMENT_3D('',#1852,#1853,#1854);
#1852 = CARTESIAN_POINT('',(24.8920497841,-16.03903225806,1.600050800102    ));
#1853 = DIRECTION('',(0.,0.,1.));
#1854 = DIRECTION('',(1.,1.110223024625E-16,-0.));
#1855 = ORIENTED_EDGE('',*,*,#1856,.F.);
#1856 = EDGE_CURVE('',#1857,#1848,#1859,.T.);
#1857 = VERTEX_POINT('',#1858);
#1858 = CARTESIAN_POINT('',(24.342037084074,-16.03903225806,0.));
#1859 = LINE('',#1860,#1861);
#1860 = CARTESIAN_POINT('',(24.342037084074,-16.03903225806,0.));
#1861 = VECTOR('',#1862,1.);
#1862 = DIRECTION('',(0.,0.,1.));
#1863 = ORIENTED_EDGE('',*,*,#1864,.F.);
#1864 = EDGE_CURVE('',#1838,#1857,#1865,.T.);
#1865 = CIRCLE('',#1866,0.550012700025);
#1866 = AXIS2_PLACEMENT_3D('',#1867,#1868,#1869);
#1867 = CARTESIAN_POINT('',(24.8920497841,-16.03903225806,0.));
#1868 = DIRECTION('',(0.,0.,1.));
#1869 = DIRECTION('',(1.,1.110223024625E-16,-0.));
#1870 = CYLINDRICAL_SURFACE('',#1871,0.550012700025);
#1871 = AXIS2_PLACEMENT_3D('',#1872,#1873,#1874);
#1872 = CARTESIAN_POINT('',(24.8920497841,-16.03903225806,0.));
#1873 = DIRECTION('',(-0.,-0.,-1.));
#1874 = DIRECTION('',(1.,1.110223024625E-16,-0.));
#1875 = ADVANCED_FACE('',(#1876),#1894,.F.);
#1876 = FACE_BOUND('',#1877,.T.);
#1877 = EDGE_LOOP('',(#1878,#1879,#1886,#1887));
#1878 = ORIENTED_EDGE('',*,*,#1856,.T.);
#1879 = ORIENTED_EDGE('',*,*,#1880,.T.);
#1880 = EDGE_CURVE('',#1848,#1840,#1881,.T.);
#1881 = CIRCLE('',#1882,0.550012700025);
#1882 = AXIS2_PLACEMENT_3D('',#1883,#1884,#1885);
#1883 = CARTESIAN_POINT('',(24.8920497841,-16.03903225806,1.600050800102    ));
#1884 = DIRECTION('',(0.,0.,1.));
#1885 = DIRECTION('',(-1.,-1.110223024625E-16,0.));
#1886 = ORIENTED_EDGE('',*,*,#1837,.F.);
#1887 = ORIENTED_EDGE('',*,*,#1888,.F.);
#1888 = EDGE_CURVE('',#1857,#1838,#1889,.T.);
#1889 = CIRCLE('',#1890,0.550012700025);
#1890 = AXIS2_PLACEMENT_3D('',#1891,#1892,#1893);
#1891 = CARTESIAN_POINT('',(24.8920497841,-16.03903225806,0.));
#1892 = DIRECTION('',(0.,0.,1.));
#1893 = DIRECTION('',(-1.,-1.110223024625E-16,0.));
#1894 = CYLINDRICAL_SURFACE('',#1895,0.550012700025);
#1895 = AXIS2_PLACEMENT_3D('',#1896,#1897,#1898);
#1896 = CARTESIAN_POINT('',(24.8920497841,-16.03903225806,0.));
#1897 = DIRECTION('',(-0.,-0.,-1.));
#1898 = DIRECTION('',(-1.,-1.110223024625E-16,0.));
#1899 = ADVANCED_FACE('',(#1900),#1936,.F.);
#1900 = FACE_BOUND('',#1901,.T.);
#1901 = EDGE_LOOP('',(#1902,#1912,#1921,#1929));
#1902 = ORIENTED_EDGE('',*,*,#1903,.T.);
#1903 = EDGE_CURVE('',#1904,#1906,#1908,.T.);
#1904 = VERTEX_POINT('',#1905);
#1905 = CARTESIAN_POINT('',(25.442062484125,-18.57903733807,0.));
#1906 = VERTEX_POINT('',#1907);
#1907 = CARTESIAN_POINT('',(25.442062484125,-18.57903733807,    1.600050800102));
#1908 = LINE('',#1909,#1910);
#1909 = CARTESIAN_POINT('',(25.442062484125,-18.57903733807,0.));
#1910 = VECTOR('',#1911,1.);
#1911 = DIRECTION('',(0.,0.,1.));
#1912 = ORIENTED_EDGE('',*,*,#1913,.T.);
#1913 = EDGE_CURVE('',#1906,#1914,#1916,.T.);
#1914 = VERTEX_POINT('',#1915);
#1915 = CARTESIAN_POINT('',(24.342037084074,-18.57903733807,    1.600050800102));
#1916 = CIRCLE('',#1917,0.550012700025);
#1917 = AXIS2_PLACEMENT_3D('',#1918,#1919,#1920);
#1918 = CARTESIAN_POINT('',(24.8920497841,-18.57903733807,1.600050800102    ));
#1919 = DIRECTION('',(0.,0.,1.));
#1920 = DIRECTION('',(1.,1.110223024625E-16,-0.));
#1921 = ORIENTED_EDGE('',*,*,#1922,.F.);
#1922 = EDGE_CURVE('',#1923,#1914,#1925,.T.);
#1923 = VERTEX_POINT('',#1924);
#1924 = CARTESIAN_POINT('',(24.342037084074,-18.57903733807,0.));
#1925 = LINE('',#1926,#1927);
#1926 = CARTESIAN_POINT('',(24.342037084074,-18.57903733807,0.));
#1927 = VECTOR('',#1928,1.);
#1928 = DIRECTION('',(0.,0.,1.));
#1929 = ORIENTED_EDGE('',*,*,#1930,.F.);
#1930 = EDGE_CURVE('',#1904,#1923,#1931,.T.);
#1931 = CIRCLE('',#1932,0.550012700025);
#1932 = AXIS2_PLACEMENT_3D('',#1933,#1934,#1935);
#1933 = CARTESIAN_POINT('',(24.8920497841,-18.57903733807,0.));
#1934 = DIRECTION('',(0.,0.,1.));
#1935 = DIRECTION('',(1.,1.110223024625E-16,-0.));
#1936 = CYLINDRICAL_SURFACE('',#1937,0.550012700025);
#1937 = AXIS2_PLACEMENT_3D('',#1938,#1939,#1940);
#1938 = CARTESIAN_POINT('',(24.8920497841,-18.57903733807,0.));
#1939 = DIRECTION('',(-0.,-0.,-1.));
#1940 = DIRECTION('',(1.,1.110223024625E-16,-0.));
#1941 = ADVANCED_FACE('',(#1942),#1960,.F.);
#1942 = FACE_BOUND('',#1943,.T.);
#1943 = EDGE_LOOP('',(#1944,#1945,#1952,#1953));
#1944 = ORIENTED_EDGE('',*,*,#1922,.T.);
#1945 = ORIENTED_EDGE('',*,*,#1946,.T.);
#1946 = EDGE_CURVE('',#1914,#1906,#1947,.T.);
#1947 = CIRCLE('',#1948,0.550012700025);
#1948 = AXIS2_PLACEMENT_3D('',#1949,#1950,#1951);
#1949 = CARTESIAN_POINT('',(24.8920497841,-18.57903733807,1.600050800102    ));
#1950 = DIRECTION('',(0.,0.,1.));
#1951 = DIRECTION('',(-1.,-1.110223024625E-16,0.));
#1952 = ORIENTED_EDGE('',*,*,#1903,.F.);
#1953 = ORIENTED_EDGE('',*,*,#1954,.F.);
#1954 = EDGE_CURVE('',#1923,#1904,#1955,.T.);
#1955 = CIRCLE('',#1956,0.550012700025);
#1956 = AXIS2_PLACEMENT_3D('',#1957,#1958,#1959);
#1957 = CARTESIAN_POINT('',(24.8920497841,-18.57903733807,0.));
#1958 = DIRECTION('',(0.,0.,1.));
#1959 = DIRECTION('',(-1.,-1.110223024625E-16,0.));
#1960 = CYLINDRICAL_SURFACE('',#1961,0.550012700025);
#1961 = AXIS2_PLACEMENT_3D('',#1962,#1963,#1964);
#1962 = CARTESIAN_POINT('',(24.8920497841,-18.57903733807,0.));
#1963 = DIRECTION('',(-0.,-0.,-1.));
#1964 = DIRECTION('',(-1.,-1.110223024625E-16,0.));
#1965 = ADVANCED_FACE('',(#1966),#2002,.F.);
#1966 = FACE_BOUND('',#1967,.T.);
#1967 = EDGE_LOOP('',(#1968,#1978,#1987,#1995));
#1968 = ORIENTED_EDGE('',*,*,#1969,.T.);
#1969 = EDGE_CURVE('',#1970,#1972,#1974,.T.);
#1970 = VERTEX_POINT('',#1971);
#1971 = CARTESIAN_POINT('',(25.442062484125,-21.11904241808,0.));
#1972 = VERTEX_POINT('',#1973);
#1973 = CARTESIAN_POINT('',(25.442062484125,-21.11904241808,    1.600050800102));
#1974 = LINE('',#1975,#1976);
#1975 = CARTESIAN_POINT('',(25.442062484125,-21.11904241808,0.));
#1976 = VECTOR('',#1977,1.);
#1977 = DIRECTION('',(0.,0.,1.));
#1978 = ORIENTED_EDGE('',*,*,#1979,.T.);
#1979 = EDGE_CURVE('',#1972,#1980,#1982,.T.);
#1980 = VERTEX_POINT('',#1981);
#1981 = CARTESIAN_POINT('',(24.342037084074,-21.11904241808,    1.600050800102));
#1982 = CIRCLE('',#1983,0.550012700025);
#1983 = AXIS2_PLACEMENT_3D('',#1984,#1985,#1986);
#1984 = CARTESIAN_POINT('',(24.8920497841,-21.11904241808,1.600050800102    ));
#1985 = DIRECTION('',(0.,0.,1.));
#1986 = DIRECTION('',(1.,1.110223024625E-16,-0.));
#1987 = ORIENTED_EDGE('',*,*,#1988,.F.);
#1988 = EDGE_CURVE('',#1989,#1980,#1991,.T.);
#1989 = VERTEX_POINT('',#1990);
#1990 = CARTESIAN_POINT('',(24.342037084074,-21.11904241808,0.));
#1991 = LINE('',#1992,#1993);
#1992 = CARTESIAN_POINT('',(24.342037084074,-21.11904241808,0.));
#1993 = VECTOR('',#1994,1.);
#1994 = DIRECTION('',(0.,0.,1.));
#1995 = ORIENTED_EDGE('',*,*,#1996,.F.);
#1996 = EDGE_CURVE('',#1970,#1989,#1997,.T.);
#1997 = CIRCLE('',#1998,0.550012700025);
#1998 = AXIS2_PLACEMENT_3D('',#1999,#2000,#2001);
#1999 = CARTESIAN_POINT('',(24.8920497841,-21.11904241808,0.));
#2000 = DIRECTION('',(0.,0.,1.));
#2001 = DIRECTION('',(1.,1.110223024625E-16,-0.));
#2002 = CYLINDRICAL_SURFACE('',#2003,0.550012700025);
#2003 = AXIS2_PLACEMENT_3D('',#2004,#2005,#2006);
#2004 = CARTESIAN_POINT('',(24.8920497841,-21.11904241808,0.));
#2005 = DIRECTION('',(-0.,-0.,-1.));
#2006 = DIRECTION('',(1.,1.110223024625E-16,-0.));
#2007 = ADVANCED_FACE('',(#2008),#2026,.F.);
#2008 = FACE_BOUND('',#2009,.T.);
#2009 = EDGE_LOOP('',(#2010,#2011,#2018,#2019));
#2010 = ORIENTED_EDGE('',*,*,#1988,.T.);
#2011 = ORIENTED_EDGE('',*,*,#2012,.T.);
#2012 = EDGE_CURVE('',#1980,#1972,#2013,.T.);
#2013 = CIRCLE('',#2014,0.550012700025);
#2014 = AXIS2_PLACEMENT_3D('',#2015,#2016,#2017);
#2015 = CARTESIAN_POINT('',(24.8920497841,-21.11904241808,1.600050800102    ));
#2016 = DIRECTION('',(0.,0.,1.));
#2017 = DIRECTION('',(-1.,-1.110223024625E-16,0.));
#2018 = ORIENTED_EDGE('',*,*,#1969,.F.);
#2019 = ORIENTED_EDGE('',*,*,#2020,.F.);
#2020 = EDGE_CURVE('',#1989,#1970,#2021,.T.);
#2021 = CIRCLE('',#2022,0.550012700025);
#2022 = AXIS2_PLACEMENT_3D('',#2023,#2024,#2025);
#2023 = CARTESIAN_POINT('',(24.8920497841,-21.11904241808,0.));
#2024 = DIRECTION('',(0.,0.,1.));
#2025 = DIRECTION('',(-1.,-1.110223024625E-16,0.));
#2026 = CYLINDRICAL_SURFACE('',#2027,0.550012700025);
#2027 = AXIS2_PLACEMENT_3D('',#2028,#2029,#2030);
#2028 = CARTESIAN_POINT('',(24.8920497841,-21.11904241808,0.));
#2029 = DIRECTION('',(-0.,-0.,-1.));
#2030 = DIRECTION('',(-1.,-1.110223024625E-16,0.));
#2031 = ADVANCED_FACE('',(#2032),#2068,.F.);
#2032 = FACE_BOUND('',#2033,.T.);
#2033 = EDGE_LOOP('',(#2034,#2044,#2053,#2061));
#2034 = ORIENTED_EDGE('',*,*,#2035,.T.);
#2035 = EDGE_CURVE('',#2036,#2038,#2040,.T.);
#2036 = VERTEX_POINT('',#2037);
#2037 = CARTESIAN_POINT('',(25.442062484125,-23.65904749809,0.));
#2038 = VERTEX_POINT('',#2039);
#2039 = CARTESIAN_POINT('',(25.442062484125,-23.65904749809,    1.600050800102));
#2040 = LINE('',#2041,#2042);
#2041 = CARTESIAN_POINT('',(25.442062484125,-23.65904749809,0.));
#2042 = VECTOR('',#2043,1.);
#2043 = DIRECTION('',(0.,0.,1.));
#2044 = ORIENTED_EDGE('',*,*,#2045,.T.);
#2045 = EDGE_CURVE('',#2038,#2046,#2048,.T.);
#2046 = VERTEX_POINT('',#2047);
#2047 = CARTESIAN_POINT('',(24.342037084074,-23.65904749809,    1.600050800102));
#2048 = CIRCLE('',#2049,0.550012700025);
#2049 = AXIS2_PLACEMENT_3D('',#2050,#2051,#2052);
#2050 = CARTESIAN_POINT('',(24.8920497841,-23.65904749809,1.600050800102    ));
#2051 = DIRECTION('',(0.,0.,1.));
#2052 = DIRECTION('',(1.,1.110223024625E-16,-0.));
#2053 = ORIENTED_EDGE('',*,*,#2054,.F.);
#2054 = EDGE_CURVE('',#2055,#2046,#2057,.T.);
#2055 = VERTEX_POINT('',#2056);
#2056 = CARTESIAN_POINT('',(24.342037084074,-23.65904749809,0.));
#2057 = LINE('',#2058,#2059);
#2058 = CARTESIAN_POINT('',(24.342037084074,-23.65904749809,0.));
#2059 = VECTOR('',#2060,1.);
#2060 = DIRECTION('',(0.,0.,1.));
#2061 = ORIENTED_EDGE('',*,*,#2062,.F.);
#2062 = EDGE_CURVE('',#2036,#2055,#2063,.T.);
#2063 = CIRCLE('',#2064,0.550012700025);
#2064 = AXIS2_PLACEMENT_3D('',#2065,#2066,#2067);
#2065 = CARTESIAN_POINT('',(24.8920497841,-23.65904749809,0.));
#2066 = DIRECTION('',(0.,0.,1.));
#2067 = DIRECTION('',(1.,1.110223024625E-16,-0.));
#2068 = CYLINDRICAL_SURFACE('',#2069,0.550012700025);
#2069 = AXIS2_PLACEMENT_3D('',#2070,#2071,#2072);
#2070 = CARTESIAN_POINT('',(24.8920497841,-23.65904749809,0.));
#2071 = DIRECTION('',(-0.,-0.,-1.));
#2072 = DIRECTION('',(1.,1.110223024625E-16,-0.));
#2073 = ADVANCED_FACE('',(#2074),#2092,.F.);
#2074 = FACE_BOUND('',#2075,.T.);
#2075 = EDGE_LOOP('',(#2076,#2077,#2084,#2085));
#2076 = ORIENTED_EDGE('',*,*,#2054,.T.);
#2077 = ORIENTED_EDGE('',*,*,#2078,.T.);
#2078 = EDGE_CURVE('',#2046,#2038,#2079,.T.);
#2079 = CIRCLE('',#2080,0.550012700025);
#2080 = AXIS2_PLACEMENT_3D('',#2081,#2082,#2083);
#2081 = CARTESIAN_POINT('',(24.8920497841,-23.65904749809,1.600050800102    ));
#2082 = DIRECTION('',(0.,0.,1.));
#2083 = DIRECTION('',(-1.,-1.110223024625E-16,0.));
#2084 = ORIENTED_EDGE('',*,*,#2035,.F.);
#2085 = ORIENTED_EDGE('',*,*,#2086,.F.);
#2086 = EDGE_CURVE('',#2055,#2036,#2087,.T.);
#2087 = CIRCLE('',#2088,0.550012700025);
#2088 = AXIS2_PLACEMENT_3D('',#2089,#2090,#2091);
#2089 = CARTESIAN_POINT('',(24.8920497841,-23.65904749809,0.));
#2090 = DIRECTION('',(0.,0.,1.));
#2091 = DIRECTION('',(-1.,-1.110223024625E-16,0.));
#2092 = CYLINDRICAL_SURFACE('',#2093,0.550012700025);
#2093 = AXIS2_PLACEMENT_3D('',#2094,#2095,#2096);
#2094 = CARTESIAN_POINT('',(24.8920497841,-23.65904749809,0.));
#2095 = DIRECTION('',(-0.,-0.,-1.));
#2096 = DIRECTION('',(-1.,-1.110223024625E-16,0.));
#2097 = ADVANCED_FACE('',(#2098),#2134,.F.);
#2098 = FACE_BOUND('',#2099,.T.);
#2099 = EDGE_LOOP('',(#2100,#2110,#2119,#2127));
#2100 = ORIENTED_EDGE('',*,*,#2101,.T.);
#2101 = EDGE_CURVE('',#2102,#2104,#2106,.T.);
#2102 = VERTEX_POINT('',#2103);
#2103 = CARTESIAN_POINT('',(25.442062484125,-10.95902209804,0.));
#2104 = VERTEX_POINT('',#2105);
#2105 = CARTESIAN_POINT('',(25.442062484125,-10.95902209804,    1.600050800102));
#2106 = LINE('',#2107,#2108);
#2107 = CARTESIAN_POINT('',(25.442062484125,-10.95902209804,0.));
#2108 = VECTOR('',#2109,1.);
#2109 = DIRECTION('',(0.,0.,1.));
#2110 = ORIENTED_EDGE('',*,*,#2111,.T.);
#2111 = EDGE_CURVE('',#2104,#2112,#2114,.T.);
#2112 = VERTEX_POINT('',#2113);
#2113 = CARTESIAN_POINT('',(24.342037084074,-10.95902209804,    1.600050800102));
#2114 = CIRCLE('',#2115,0.550012700025);
#2115 = AXIS2_PLACEMENT_3D('',#2116,#2117,#2118);
#2116 = CARTESIAN_POINT('',(24.8920497841,-10.95902209804,1.600050800102    ));
#2117 = DIRECTION('',(0.,0.,1.));
#2118 = DIRECTION('',(1.,1.110223024625E-16,-0.));
#2119 = ORIENTED_EDGE('',*,*,#2120,.F.);
#2120 = EDGE_CURVE('',#2121,#2112,#2123,.T.);
#2121 = VERTEX_POINT('',#2122);
#2122 = CARTESIAN_POINT('',(24.342037084074,-10.95902209804,0.));
#2123 = LINE('',#2124,#2125);
#2124 = CARTESIAN_POINT('',(24.342037084074,-10.95902209804,0.));
#2125 = VECTOR('',#2126,1.);
#2126 = DIRECTION('',(0.,0.,1.));
#2127 = ORIENTED_EDGE('',*,*,#2128,.F.);
#2128 = EDGE_CURVE('',#2102,#2121,#2129,.T.);
#2129 = CIRCLE('',#2130,0.550012700025);
#2130 = AXIS2_PLACEMENT_3D('',#2131,#2132,#2133);
#2131 = CARTESIAN_POINT('',(24.8920497841,-10.95902209804,0.));
#2132 = DIRECTION('',(0.,0.,1.));
#2133 = DIRECTION('',(1.,1.110223024625E-16,-0.));
#2134 = CYLINDRICAL_SURFACE('',#2135,0.550012700025);
#2135 = AXIS2_PLACEMENT_3D('',#2136,#2137,#2138);
#2136 = CARTESIAN_POINT('',(24.8920497841,-10.95902209804,0.));
#2137 = DIRECTION('',(-0.,-0.,-1.));
#2138 = DIRECTION('',(1.,1.110223024625E-16,-0.));
#2139 = ADVANCED_FACE('',(#2140),#2158,.F.);
#2140 = FACE_BOUND('',#2141,.T.);
#2141 = EDGE_LOOP('',(#2142,#2143,#2150,#2151));
#2142 = ORIENTED_EDGE('',*,*,#2120,.T.);
#2143 = ORIENTED_EDGE('',*,*,#2144,.T.);
#2144 = EDGE_CURVE('',#2112,#2104,#2145,.T.);
#2145 = CIRCLE('',#2146,0.550012700025);
#2146 = AXIS2_PLACEMENT_3D('',#2147,#2148,#2149);
#2147 = CARTESIAN_POINT('',(24.8920497841,-10.95902209804,1.600050800102    ));
#2148 = DIRECTION('',(0.,0.,1.));
#2149 = DIRECTION('',(-1.,-1.110223024625E-16,0.));
#2150 = ORIENTED_EDGE('',*,*,#2101,.F.);
#2151 = ORIENTED_EDGE('',*,*,#2152,.F.);
#2152 = EDGE_CURVE('',#2121,#2102,#2153,.T.);
#2153 = CIRCLE('',#2154,0.550012700025);
#2154 = AXIS2_PLACEMENT_3D('',#2155,#2156,#2157);
#2155 = CARTESIAN_POINT('',(24.8920497841,-10.95902209804,0.));
#2156 = DIRECTION('',(0.,0.,1.));
#2157 = DIRECTION('',(-1.,-1.110223024625E-16,0.));
#2158 = CYLINDRICAL_SURFACE('',#2159,0.550012700025);
#2159 = AXIS2_PLACEMENT_3D('',#2160,#2161,#2162);
#2160 = CARTESIAN_POINT('',(24.8920497841,-10.95902209804,0.));
#2161 = DIRECTION('',(-0.,-0.,-1.));
#2162 = DIRECTION('',(-1.,-1.110223024625E-16,0.));
#2163 = ADVANCED_FACE('',(#2164),#2200,.F.);
#2164 = FACE_BOUND('',#2165,.T.);
#2165 = EDGE_LOOP('',(#2166,#2176,#2185,#2193));
#2166 = ORIENTED_EDGE('',*,*,#2167,.T.);
#2167 = EDGE_CURVE('',#2168,#2170,#2172,.T.);
#2168 = VERTEX_POINT('',#2169);
#2169 = CARTESIAN_POINT('',(25.696062992126,-43.83996189992,0.));
#2170 = VERTEX_POINT('',#2171);
#2171 = CARTESIAN_POINT('',(25.696062992126,-43.83996189992,    1.600050800102));
#2172 = LINE('',#2173,#2174);
#2173 = CARTESIAN_POINT('',(25.696062992126,-43.83996189992,0.));
#2174 = VECTOR('',#2175,1.);
#2175 = DIRECTION('',(0.,0.,1.));
#2176 = ORIENTED_EDGE('',*,*,#2177,.T.);
#2177 = EDGE_CURVE('',#2170,#2178,#2180,.T.);
#2178 = VERTEX_POINT('',#2179);
#2179 = CARTESIAN_POINT('',(24.596037592075,-43.83996189992,    1.600050800102));
#2180 = CIRCLE('',#2181,0.550012700025);
#2181 = AXIS2_PLACEMENT_3D('',#2182,#2183,#2184);
#2182 = CARTESIAN_POINT('',(25.146050292101,-43.83996189992,    1.600050800102));
#2183 = DIRECTION('',(0.,0.,1.));
#2184 = DIRECTION('',(1.,1.110223024625E-16,-0.));
#2185 = ORIENTED_EDGE('',*,*,#2186,.F.);
#2186 = EDGE_CURVE('',#2187,#2178,#2189,.T.);
#2187 = VERTEX_POINT('',#2188);
#2188 = CARTESIAN_POINT('',(24.596037592075,-43.83996189992,0.));
#2189 = LINE('',#2190,#2191);
#2190 = CARTESIAN_POINT('',(24.596037592075,-43.83996189992,0.));
#2191 = VECTOR('',#2192,1.);
#2192 = DIRECTION('',(0.,0.,1.));
#2193 = ORIENTED_EDGE('',*,*,#2194,.F.);
#2194 = EDGE_CURVE('',#2168,#2187,#2195,.T.);
#2195 = CIRCLE('',#2196,0.550012700025);
#2196 = AXIS2_PLACEMENT_3D('',#2197,#2198,#2199);
#2197 = CARTESIAN_POINT('',(25.146050292101,-43.83996189992,0.));
#2198 = DIRECTION('',(0.,0.,1.));
#2199 = DIRECTION('',(1.,1.110223024625E-16,-0.));
#2200 = CYLINDRICAL_SURFACE('',#2201,0.550012700025);
#2201 = AXIS2_PLACEMENT_3D('',#2202,#2203,#2204);
#2202 = CARTESIAN_POINT('',(25.146050292101,-43.83996189992,0.));
#2203 = DIRECTION('',(-0.,-0.,-1.));
#2204 = DIRECTION('',(1.,1.110223024625E-16,-0.));
#2205 = ADVANCED_FACE('',(#2206),#2224,.F.);
#2206 = FACE_BOUND('',#2207,.T.);
#2207 = EDGE_LOOP('',(#2208,#2209,#2216,#2217));
#2208 = ORIENTED_EDGE('',*,*,#2186,.T.);
#2209 = ORIENTED_EDGE('',*,*,#2210,.T.);
#2210 = EDGE_CURVE('',#2178,#2170,#2211,.T.);
#2211 = CIRCLE('',#2212,0.550012700025);
#2212 = AXIS2_PLACEMENT_3D('',#2213,#2214,#2215);
#2213 = CARTESIAN_POINT('',(25.146050292101,-43.83996189992,    1.600050800102));
#2214 = DIRECTION('',(0.,0.,1.));
#2215 = DIRECTION('',(-1.,-1.110223024625E-16,0.));
#2216 = ORIENTED_EDGE('',*,*,#2167,.F.);
#2217 = ORIENTED_EDGE('',*,*,#2218,.F.);
#2218 = EDGE_CURVE('',#2187,#2168,#2219,.T.);
#2219 = CIRCLE('',#2220,0.550012700025);
#2220 = AXIS2_PLACEMENT_3D('',#2221,#2222,#2223);
#2221 = CARTESIAN_POINT('',(25.146050292101,-43.83996189992,0.));
#2222 = DIRECTION('',(0.,0.,1.));
#2223 = DIRECTION('',(-1.,-1.110223024625E-16,0.));
#2224 = CYLINDRICAL_SURFACE('',#2225,0.550012700025);
#2225 = AXIS2_PLACEMENT_3D('',#2226,#2227,#2228);
#2226 = CARTESIAN_POINT('',(25.146050292101,-43.83996189992,0.));
#2227 = DIRECTION('',(-0.,-0.,-1.));
#2228 = DIRECTION('',(-1.,-1.110223024625E-16,0.));
#2229 = ADVANCED_FACE('',(#2230),#2266,.F.);
#2230 = FACE_BOUND('',#2231,.T.);
#2231 = EDGE_LOOP('',(#2232,#2242,#2251,#2259));
#2232 = ORIENTED_EDGE('',*,*,#2233,.T.);
#2233 = EDGE_CURVE('',#2234,#2236,#2238,.T.);
#2234 = VERTEX_POINT('',#2235);
#2235 = CARTESIAN_POINT('',(25.696062992126,-46.37996697993,0.));
#2236 = VERTEX_POINT('',#2237);
#2237 = CARTESIAN_POINT('',(25.696062992126,-46.37996697993,    1.600050800102));
#2238 = LINE('',#2239,#2240);
#2239 = CARTESIAN_POINT('',(25.696062992126,-46.37996697993,0.));
#2240 = VECTOR('',#2241,1.);
#2241 = DIRECTION('',(0.,0.,1.));
#2242 = ORIENTED_EDGE('',*,*,#2243,.T.);
#2243 = EDGE_CURVE('',#2236,#2244,#2246,.T.);
#2244 = VERTEX_POINT('',#2245);
#2245 = CARTESIAN_POINT('',(24.596037592075,-46.37996697993,    1.600050800102));
#2246 = CIRCLE('',#2247,0.550012700025);
#2247 = AXIS2_PLACEMENT_3D('',#2248,#2249,#2250);
#2248 = CARTESIAN_POINT('',(25.146050292101,-46.37996697993,    1.600050800102));
#2249 = DIRECTION('',(0.,0.,1.));
#2250 = DIRECTION('',(1.,1.110223024625E-16,-0.));
#2251 = ORIENTED_EDGE('',*,*,#2252,.F.);
#2252 = EDGE_CURVE('',#2253,#2244,#2255,.T.);
#2253 = VERTEX_POINT('',#2254);
#2254 = CARTESIAN_POINT('',(24.596037592075,-46.37996697993,0.));
#2255 = LINE('',#2256,#2257);
#2256 = CARTESIAN_POINT('',(24.596037592075,-46.37996697993,0.));
#2257 = VECTOR('',#2258,1.);
#2258 = DIRECTION('',(0.,0.,1.));
#2259 = ORIENTED_EDGE('',*,*,#2260,.F.);
#2260 = EDGE_CURVE('',#2234,#2253,#2261,.T.);
#2261 = CIRCLE('',#2262,0.550012700025);
#2262 = AXIS2_PLACEMENT_3D('',#2263,#2264,#2265);
#2263 = CARTESIAN_POINT('',(25.146050292101,-46.37996697993,0.));
#2264 = DIRECTION('',(0.,0.,1.));
#2265 = DIRECTION('',(1.,1.110223024625E-16,-0.));
#2266 = CYLINDRICAL_SURFACE('',#2267,0.550012700025);
#2267 = AXIS2_PLACEMENT_3D('',#2268,#2269,#2270);
#2268 = CARTESIAN_POINT('',(25.146050292101,-46.37996697993,0.));
#2269 = DIRECTION('',(-0.,-0.,-1.));
#2270 = DIRECTION('',(1.,1.110223024625E-16,-0.));
#2271 = ADVANCED_FACE('',(#2272),#2290,.F.);
#2272 = FACE_BOUND('',#2273,.T.);
#2273 = EDGE_LOOP('',(#2274,#2275,#2282,#2283));
#2274 = ORIENTED_EDGE('',*,*,#2252,.T.);
#2275 = ORIENTED_EDGE('',*,*,#2276,.T.);
#2276 = EDGE_CURVE('',#2244,#2236,#2277,.T.);
#2277 = CIRCLE('',#2278,0.550012700025);
#2278 = AXIS2_PLACEMENT_3D('',#2279,#2280,#2281);
#2279 = CARTESIAN_POINT('',(25.146050292101,-46.37996697993,    1.600050800102));
#2280 = DIRECTION('',(0.,0.,1.));
#2281 = DIRECTION('',(-1.,-1.110223024625E-16,0.));
#2282 = ORIENTED_EDGE('',*,*,#2233,.F.);
#2283 = ORIENTED_EDGE('',*,*,#2284,.F.);
#2284 = EDGE_CURVE('',#2253,#2234,#2285,.T.);
#2285 = CIRCLE('',#2286,0.550012700025);
#2286 = AXIS2_PLACEMENT_3D('',#2287,#2288,#2289);
#2287 = CARTESIAN_POINT('',(25.146050292101,-46.37996697993,0.));
#2288 = DIRECTION('',(0.,0.,1.));
#2289 = DIRECTION('',(-1.,-1.110223024625E-16,0.));
#2290 = CYLINDRICAL_SURFACE('',#2291,0.550012700025);
#2291 = AXIS2_PLACEMENT_3D('',#2292,#2293,#2294);
#2292 = CARTESIAN_POINT('',(25.146050292101,-46.37996697993,0.));
#2293 = DIRECTION('',(-0.,-0.,-1.));
#2294 = DIRECTION('',(-1.,-1.110223024625E-16,0.));
#2295 = ADVANCED_FACE('',(#2296),#2332,.F.);
#2296 = FACE_BOUND('',#2297,.T.);
#2297 = EDGE_LOOP('',(#2298,#2308,#2317,#2325));
#2298 = ORIENTED_EDGE('',*,*,#2299,.T.);
#2299 = EDGE_CURVE('',#2300,#2302,#2304,.T.);
#2300 = VERTEX_POINT('',#2301);
#2301 = CARTESIAN_POINT('',(28.236068072136,-43.83996189992,0.));
#2302 = VERTEX_POINT('',#2303);
#2303 = CARTESIAN_POINT('',(28.236068072136,-43.83996189992,    1.600050800102));
#2304 = LINE('',#2305,#2306);
#2305 = CARTESIAN_POINT('',(28.236068072136,-43.83996189992,0.));
#2306 = VECTOR('',#2307,1.);
#2307 = DIRECTION('',(0.,0.,1.));
#2308 = ORIENTED_EDGE('',*,*,#2309,.T.);
#2309 = EDGE_CURVE('',#2302,#2310,#2312,.T.);
#2310 = VERTEX_POINT('',#2311);
#2311 = CARTESIAN_POINT('',(27.136042672085,-43.83996189992,    1.600050800102));
#2312 = CIRCLE('',#2313,0.550012700025);
#2313 = AXIS2_PLACEMENT_3D('',#2314,#2315,#2316);
#2314 = CARTESIAN_POINT('',(27.686055372111,-43.83996189992,    1.600050800102));
#2315 = DIRECTION('',(0.,0.,1.));
#2316 = DIRECTION('',(1.,1.110223024625E-16,-0.));
#2317 = ORIENTED_EDGE('',*,*,#2318,.F.);
#2318 = EDGE_CURVE('',#2319,#2310,#2321,.T.);
#2319 = VERTEX_POINT('',#2320);
#2320 = CARTESIAN_POINT('',(27.136042672085,-43.83996189992,0.));
#2321 = LINE('',#2322,#2323);
#2322 = CARTESIAN_POINT('',(27.136042672085,-43.83996189992,0.));
#2323 = VECTOR('',#2324,1.);
#2324 = DIRECTION('',(0.,0.,1.));
#2325 = ORIENTED_EDGE('',*,*,#2326,.F.);
#2326 = EDGE_CURVE('',#2300,#2319,#2327,.T.);
#2327 = CIRCLE('',#2328,0.550012700025);
#2328 = AXIS2_PLACEMENT_3D('',#2329,#2330,#2331);
#2329 = CARTESIAN_POINT('',(27.686055372111,-43.83996189992,0.));
#2330 = DIRECTION('',(0.,0.,1.));
#2331 = DIRECTION('',(1.,1.110223024625E-16,-0.));
#2332 = CYLINDRICAL_SURFACE('',#2333,0.550012700025);
#2333 = AXIS2_PLACEMENT_3D('',#2334,#2335,#2336);
#2334 = CARTESIAN_POINT('',(27.686055372111,-43.83996189992,0.));
#2335 = DIRECTION('',(-0.,-0.,-1.));
#2336 = DIRECTION('',(1.,1.110223024625E-16,-0.));
#2337 = ADVANCED_FACE('',(#2338),#2356,.F.);
#2338 = FACE_BOUND('',#2339,.T.);
#2339 = EDGE_LOOP('',(#2340,#2341,#2348,#2349));
#2340 = ORIENTED_EDGE('',*,*,#2318,.T.);
#2341 = ORIENTED_EDGE('',*,*,#2342,.T.);
#2342 = EDGE_CURVE('',#2310,#2302,#2343,.T.);
#2343 = CIRCLE('',#2344,0.550012700025);
#2344 = AXIS2_PLACEMENT_3D('',#2345,#2346,#2347);
#2345 = CARTESIAN_POINT('',(27.686055372111,-43.83996189992,    1.600050800102));
#2346 = DIRECTION('',(0.,0.,1.));
#2347 = DIRECTION('',(-1.,-1.110223024625E-16,0.));
#2348 = ORIENTED_EDGE('',*,*,#2299,.F.);
#2349 = ORIENTED_EDGE('',*,*,#2350,.F.);
#2350 = EDGE_CURVE('',#2319,#2300,#2351,.T.);
#2351 = CIRCLE('',#2352,0.550012700025);
#2352 = AXIS2_PLACEMENT_3D('',#2353,#2354,#2355);
#2353 = CARTESIAN_POINT('',(27.686055372111,-43.83996189992,0.));
#2354 = DIRECTION('',(0.,0.,1.));
#2355 = DIRECTION('',(-1.,-1.110223024625E-16,0.));
#2356 = CYLINDRICAL_SURFACE('',#2357,0.550012700025);
#2357 = AXIS2_PLACEMENT_3D('',#2358,#2359,#2360);
#2358 = CARTESIAN_POINT('',(27.686055372111,-43.83996189992,0.));
#2359 = DIRECTION('',(-0.,-0.,-1.));
#2360 = DIRECTION('',(-1.,-1.110223024625E-16,0.));
#2361 = ADVANCED_FACE('',(#2362),#2398,.F.);
#2362 = FACE_BOUND('',#2363,.T.);
#2363 = EDGE_LOOP('',(#2364,#2374,#2383,#2391));
#2364 = ORIENTED_EDGE('',*,*,#2365,.T.);
#2365 = EDGE_CURVE('',#2366,#2368,#2370,.T.);
#2366 = VERTEX_POINT('',#2367);
#2367 = CARTESIAN_POINT('',(28.236068072136,-46.37996697993,0.));
#2368 = VERTEX_POINT('',#2369);
#2369 = CARTESIAN_POINT('',(28.236068072136,-46.37996697993,    1.600050800102));
#2370 = LINE('',#2371,#2372);
#2371 = CARTESIAN_POINT('',(28.236068072136,-46.37996697993,0.));
#2372 = VECTOR('',#2373,1.);
#2373 = DIRECTION('',(0.,0.,1.));
#2374 = ORIENTED_EDGE('',*,*,#2375,.T.);
#2375 = EDGE_CURVE('',#2368,#2376,#2378,.T.);
#2376 = VERTEX_POINT('',#2377);
#2377 = CARTESIAN_POINT('',(27.136042672085,-46.37996697993,    1.600050800102));
#2378 = CIRCLE('',#2379,0.550012700025);
#2379 = AXIS2_PLACEMENT_3D('',#2380,#2381,#2382);
#2380 = CARTESIAN_POINT('',(27.686055372111,-46.37996697993,    1.600050800102));
#2381 = DIRECTION('',(0.,0.,1.));
#2382 = DIRECTION('',(1.,1.110223024625E-16,-0.));
#2383 = ORIENTED_EDGE('',*,*,#2384,.F.);
#2384 = EDGE_CURVE('',#2385,#2376,#2387,.T.);
#2385 = VERTEX_POINT('',#2386);
#2386 = CARTESIAN_POINT('',(27.136042672085,-46.37996697993,0.));
#2387 = LINE('',#2388,#2389);
#2388 = CARTESIAN_POINT('',(27.136042672085,-46.37996697993,0.));
#2389 = VECTOR('',#2390,1.);
#2390 = DIRECTION('',(0.,0.,1.));
#2391 = ORIENTED_EDGE('',*,*,#2392,.F.);
#2392 = EDGE_CURVE('',#2366,#2385,#2393,.T.);
#2393 = CIRCLE('',#2394,0.550012700025);
#2394 = AXIS2_PLACEMENT_3D('',#2395,#2396,#2397);
#2395 = CARTESIAN_POINT('',(27.686055372111,-46.37996697993,0.));
#2396 = DIRECTION('',(0.,0.,1.));
#2397 = DIRECTION('',(1.,1.110223024625E-16,-0.));
#2398 = CYLINDRICAL_SURFACE('',#2399,0.550012700025);
#2399 = AXIS2_PLACEMENT_3D('',#2400,#2401,#2402);
#2400 = CARTESIAN_POINT('',(27.686055372111,-46.37996697993,0.));
#2401 = DIRECTION('',(-0.,-0.,-1.));
#2402 = DIRECTION('',(1.,1.110223024625E-16,-0.));
#2403 = ADVANCED_FACE('',(#2404),#2422,.F.);
#2404 = FACE_BOUND('',#2405,.T.);
#2405 = EDGE_LOOP('',(#2406,#2407,#2414,#2415));
#2406 = ORIENTED_EDGE('',*,*,#2384,.T.);
#2407 = ORIENTED_EDGE('',*,*,#2408,.T.);
#2408 = EDGE_CURVE('',#2376,#2368,#2409,.T.);
#2409 = CIRCLE('',#2410,0.550012700025);
#2410 = AXIS2_PLACEMENT_3D('',#2411,#2412,#2413);
#2411 = CARTESIAN_POINT('',(27.686055372111,-46.37996697993,    1.600050800102));
#2412 = DIRECTION('',(0.,0.,1.));
#2413 = DIRECTION('',(-1.,-1.110223024625E-16,0.));
#2414 = ORIENTED_EDGE('',*,*,#2365,.F.);
#2415 = ORIENTED_EDGE('',*,*,#2416,.F.);
#2416 = EDGE_CURVE('',#2385,#2366,#2417,.T.);
#2417 = CIRCLE('',#2418,0.550012700025);
#2418 = AXIS2_PLACEMENT_3D('',#2419,#2420,#2421);
#2419 = CARTESIAN_POINT('',(27.686055372111,-46.37996697993,0.));
#2420 = DIRECTION('',(0.,0.,1.));
#2421 = DIRECTION('',(-1.,-1.110223024625E-16,0.));
#2422 = CYLINDRICAL_SURFACE('',#2423,0.550012700025);
#2423 = AXIS2_PLACEMENT_3D('',#2424,#2425,#2426);
#2424 = CARTESIAN_POINT('',(27.686055372111,-46.37996697993,0.));
#2425 = DIRECTION('',(-0.,-0.,-1.));
#2426 = DIRECTION('',(-1.,-1.110223024625E-16,0.));
#2427 = ADVANCED_FACE('',(#2428),#2464,.F.);
#2428 = FACE_BOUND('',#2429,.T.);
#2429 = EDGE_LOOP('',(#2430,#2440,#2449,#2457));
#2430 = ORIENTED_EDGE('',*,*,#2431,.T.);
#2431 = EDGE_CURVE('',#2432,#2434,#2436,.T.);
#2432 = VERTEX_POINT('',#2433);
#2433 = CARTESIAN_POINT('',(30.776073152146,-43.83996189992,0.));
#2434 = VERTEX_POINT('',#2435);
#2435 = CARTESIAN_POINT('',(30.776073152146,-43.83996189992,    1.600050800102));
#2436 = LINE('',#2437,#2438);
#2437 = CARTESIAN_POINT('',(30.776073152146,-43.83996189992,0.));
#2438 = VECTOR('',#2439,1.);
#2439 = DIRECTION('',(0.,0.,1.));
#2440 = ORIENTED_EDGE('',*,*,#2441,.T.);
#2441 = EDGE_CURVE('',#2434,#2442,#2444,.T.);
#2442 = VERTEX_POINT('',#2443);
#2443 = CARTESIAN_POINT('',(29.676047752096,-43.83996189992,    1.600050800102));
#2444 = CIRCLE('',#2445,0.550012700025);
#2445 = AXIS2_PLACEMENT_3D('',#2446,#2447,#2448);
#2446 = CARTESIAN_POINT('',(30.226060452121,-43.83996189992,    1.600050800102));
#2447 = DIRECTION('',(0.,0.,1.));
#2448 = DIRECTION('',(1.,1.110223024625E-16,-0.));
#2449 = ORIENTED_EDGE('',*,*,#2450,.F.);
#2450 = EDGE_CURVE('',#2451,#2442,#2453,.T.);
#2451 = VERTEX_POINT('',#2452);
#2452 = CARTESIAN_POINT('',(29.676047752096,-43.83996189992,0.));
#2453 = LINE('',#2454,#2455);
#2454 = CARTESIAN_POINT('',(29.676047752096,-43.83996189992,0.));
#2455 = VECTOR('',#2456,1.);
#2456 = DIRECTION('',(0.,0.,1.));
#2457 = ORIENTED_EDGE('',*,*,#2458,.F.);
#2458 = EDGE_CURVE('',#2432,#2451,#2459,.T.);
#2459 = CIRCLE('',#2460,0.550012700025);
#2460 = AXIS2_PLACEMENT_3D('',#2461,#2462,#2463);
#2461 = CARTESIAN_POINT('',(30.226060452121,-43.83996189992,0.));
#2462 = DIRECTION('',(0.,0.,1.));
#2463 = DIRECTION('',(1.,1.110223024625E-16,-0.));
#2464 = CYLINDRICAL_SURFACE('',#2465,0.550012700025);
#2465 = AXIS2_PLACEMENT_3D('',#2466,#2467,#2468);
#2466 = CARTESIAN_POINT('',(30.226060452121,-43.83996189992,0.));
#2467 = DIRECTION('',(-0.,-0.,-1.));
#2468 = DIRECTION('',(1.,1.110223024625E-16,-0.));
#2469 = ADVANCED_FACE('',(#2470),#2488,.F.);
#2470 = FACE_BOUND('',#2471,.T.);
#2471 = EDGE_LOOP('',(#2472,#2473,#2480,#2481));
#2472 = ORIENTED_EDGE('',*,*,#2450,.T.);
#2473 = ORIENTED_EDGE('',*,*,#2474,.T.);
#2474 = EDGE_CURVE('',#2442,#2434,#2475,.T.);
#2475 = CIRCLE('',#2476,0.550012700025);
#2476 = AXIS2_PLACEMENT_3D('',#2477,#2478,#2479);
#2477 = CARTESIAN_POINT('',(30.226060452121,-43.83996189992,    1.600050800102));
#2478 = DIRECTION('',(0.,0.,1.));
#2479 = DIRECTION('',(-1.,-1.110223024625E-16,0.));
#2480 = ORIENTED_EDGE('',*,*,#2431,.F.);
#2481 = ORIENTED_EDGE('',*,*,#2482,.F.);
#2482 = EDGE_CURVE('',#2451,#2432,#2483,.T.);
#2483 = CIRCLE('',#2484,0.550012700025);
#2484 = AXIS2_PLACEMENT_3D('',#2485,#2486,#2487);
#2485 = CARTESIAN_POINT('',(30.226060452121,-43.83996189992,0.));
#2486 = DIRECTION('',(0.,0.,1.));
#2487 = DIRECTION('',(-1.,-1.110223024625E-16,0.));
#2488 = CYLINDRICAL_SURFACE('',#2489,0.550012700025);
#2489 = AXIS2_PLACEMENT_3D('',#2490,#2491,#2492);
#2490 = CARTESIAN_POINT('',(30.226060452121,-43.83996189992,0.));
#2491 = DIRECTION('',(-0.,-0.,-1.));
#2492 = DIRECTION('',(-1.,-1.110223024625E-16,0.));
#2493 = ADVANCED_FACE('',(#2494),#2530,.F.);
#2494 = FACE_BOUND('',#2495,.T.);
#2495 = EDGE_LOOP('',(#2496,#2506,#2515,#2523));
#2496 = ORIENTED_EDGE('',*,*,#2497,.T.);
#2497 = EDGE_CURVE('',#2498,#2500,#2502,.T.);
#2498 = VERTEX_POINT('',#2499);
#2499 = CARTESIAN_POINT('',(30.776073152146,-46.37996697993,0.));
#2500 = VERTEX_POINT('',#2501);
#2501 = CARTESIAN_POINT('',(30.776073152146,-46.37996697993,    1.600050800102));
#2502 = LINE('',#2503,#2504);
#2503 = CARTESIAN_POINT('',(30.776073152146,-46.37996697993,0.));
#2504 = VECTOR('',#2505,1.);
#2505 = DIRECTION('',(0.,0.,1.));
#2506 = ORIENTED_EDGE('',*,*,#2507,.T.);
#2507 = EDGE_CURVE('',#2500,#2508,#2510,.T.);
#2508 = VERTEX_POINT('',#2509);
#2509 = CARTESIAN_POINT('',(29.676047752096,-46.37996697993,    1.600050800102));
#2510 = CIRCLE('',#2511,0.550012700025);
#2511 = AXIS2_PLACEMENT_3D('',#2512,#2513,#2514);
#2512 = CARTESIAN_POINT('',(30.226060452121,-46.37996697993,    1.600050800102));
#2513 = DIRECTION('',(0.,0.,1.));
#2514 = DIRECTION('',(1.,1.110223024625E-16,-0.));
#2515 = ORIENTED_EDGE('',*,*,#2516,.F.);
#2516 = EDGE_CURVE('',#2517,#2508,#2519,.T.);
#2517 = VERTEX_POINT('',#2518);
#2518 = CARTESIAN_POINT('',(29.676047752096,-46.37996697993,0.));
#2519 = LINE('',#2520,#2521);
#2520 = CARTESIAN_POINT('',(29.676047752096,-46.37996697993,0.));
#2521 = VECTOR('',#2522,1.);
#2522 = DIRECTION('',(0.,0.,1.));
#2523 = ORIENTED_EDGE('',*,*,#2524,.F.);
#2524 = EDGE_CURVE('',#2498,#2517,#2525,.T.);
#2525 = CIRCLE('',#2526,0.550012700025);
#2526 = AXIS2_PLACEMENT_3D('',#2527,#2528,#2529);
#2527 = CARTESIAN_POINT('',(30.226060452121,-46.37996697993,0.));
#2528 = DIRECTION('',(0.,0.,1.));
#2529 = DIRECTION('',(1.,1.110223024625E-16,-0.));
#2530 = CYLINDRICAL_SURFACE('',#2531,0.550012700025);
#2531 = AXIS2_PLACEMENT_3D('',#2532,#2533,#2534);
#2532 = CARTESIAN_POINT('',(30.226060452121,-46.37996697993,0.));
#2533 = DIRECTION('',(-0.,-0.,-1.));
#2534 = DIRECTION('',(1.,1.110223024625E-16,-0.));
#2535 = ADVANCED_FACE('',(#2536),#2554,.F.);
#2536 = FACE_BOUND('',#2537,.T.);
#2537 = EDGE_LOOP('',(#2538,#2539,#2546,#2547));
#2538 = ORIENTED_EDGE('',*,*,#2516,.T.);
#2539 = ORIENTED_EDGE('',*,*,#2540,.T.);
#2540 = EDGE_CURVE('',#2508,#2500,#2541,.T.);
#2541 = CIRCLE('',#2542,0.550012700025);
#2542 = AXIS2_PLACEMENT_3D('',#2543,#2544,#2545);
#2543 = CARTESIAN_POINT('',(30.226060452121,-46.37996697993,    1.600050800102));
#2544 = DIRECTION('',(0.,0.,1.));
#2545 = DIRECTION('',(-1.,-1.110223024625E-16,0.));
#2546 = ORIENTED_EDGE('',*,*,#2497,.F.);
#2547 = ORIENTED_EDGE('',*,*,#2548,.F.);
#2548 = EDGE_CURVE('',#2517,#2498,#2549,.T.);
#2549 = CIRCLE('',#2550,0.550012700025);
#2550 = AXIS2_PLACEMENT_3D('',#2551,#2552,#2553);
#2551 = CARTESIAN_POINT('',(30.226060452121,-46.37996697993,0.));
#2552 = DIRECTION('',(0.,0.,1.));
#2553 = DIRECTION('',(-1.,-1.110223024625E-16,0.));
#2554 = CYLINDRICAL_SURFACE('',#2555,0.550012700025);
#2555 = AXIS2_PLACEMENT_3D('',#2556,#2557,#2558);
#2556 = CARTESIAN_POINT('',(30.226060452121,-46.37996697993,0.));
#2557 = DIRECTION('',(-0.,-0.,-1.));
#2558 = DIRECTION('',(-1.,-1.110223024625E-16,0.));
#2559 = ADVANCED_FACE('',(#2560),#2596,.F.);
#2560 = FACE_BOUND('',#2561,.T.);
#2561 = EDGE_LOOP('',(#2562,#2572,#2581,#2589));
#2562 = ORIENTED_EDGE('',*,*,#2563,.T.);
#2563 = EDGE_CURVE('',#2564,#2566,#2568,.T.);
#2564 = VERTEX_POINT('',#2565);
#2565 = CARTESIAN_POINT('',(33.316078232156,-43.83996189992,0.));
#2566 = VERTEX_POINT('',#2567);
#2567 = CARTESIAN_POINT('',(33.316078232156,-43.83996189992,    1.600050800102));
#2568 = LINE('',#2569,#2570);
#2569 = CARTESIAN_POINT('',(33.316078232156,-43.83996189992,0.));
#2570 = VECTOR('',#2571,1.);
#2571 = DIRECTION('',(0.,0.,1.));
#2572 = ORIENTED_EDGE('',*,*,#2573,.T.);
#2573 = EDGE_CURVE('',#2566,#2574,#2576,.T.);
#2574 = VERTEX_POINT('',#2575);
#2575 = CARTESIAN_POINT('',(32.216052832106,-43.83996189992,    1.600050800102));
#2576 = CIRCLE('',#2577,0.550012700025);
#2577 = AXIS2_PLACEMENT_3D('',#2578,#2579,#2580);
#2578 = CARTESIAN_POINT('',(32.766065532131,-43.83996189992,    1.600050800102));
#2579 = DIRECTION('',(0.,0.,1.));
#2580 = DIRECTION('',(1.,1.110223024625E-16,-0.));
#2581 = ORIENTED_EDGE('',*,*,#2582,.F.);
#2582 = EDGE_CURVE('',#2583,#2574,#2585,.T.);
#2583 = VERTEX_POINT('',#2584);
#2584 = CARTESIAN_POINT('',(32.216052832106,-43.83996189992,0.));
#2585 = LINE('',#2586,#2587);
#2586 = CARTESIAN_POINT('',(32.216052832106,-43.83996189992,0.));
#2587 = VECTOR('',#2588,1.);
#2588 = DIRECTION('',(0.,0.,1.));
#2589 = ORIENTED_EDGE('',*,*,#2590,.F.);
#2590 = EDGE_CURVE('',#2564,#2583,#2591,.T.);
#2591 = CIRCLE('',#2592,0.550012700025);
#2592 = AXIS2_PLACEMENT_3D('',#2593,#2594,#2595);
#2593 = CARTESIAN_POINT('',(32.766065532131,-43.83996189992,0.));
#2594 = DIRECTION('',(0.,0.,1.));
#2595 = DIRECTION('',(1.,1.110223024625E-16,-0.));
#2596 = CYLINDRICAL_SURFACE('',#2597,0.550012700025);
#2597 = AXIS2_PLACEMENT_3D('',#2598,#2599,#2600);
#2598 = CARTESIAN_POINT('',(32.766065532131,-43.83996189992,0.));
#2599 = DIRECTION('',(-0.,-0.,-1.));
#2600 = DIRECTION('',(1.,1.110223024625E-16,-0.));
#2601 = ADVANCED_FACE('',(#2602),#2620,.F.);
#2602 = FACE_BOUND('',#2603,.T.);
#2603 = EDGE_LOOP('',(#2604,#2605,#2612,#2613));
#2604 = ORIENTED_EDGE('',*,*,#2582,.T.);
#2605 = ORIENTED_EDGE('',*,*,#2606,.T.);
#2606 = EDGE_CURVE('',#2574,#2566,#2607,.T.);
#2607 = CIRCLE('',#2608,0.550012700025);
#2608 = AXIS2_PLACEMENT_3D('',#2609,#2610,#2611);
#2609 = CARTESIAN_POINT('',(32.766065532131,-43.83996189992,    1.600050800102));
#2610 = DIRECTION('',(0.,0.,1.));
#2611 = DIRECTION('',(-1.,-1.110223024625E-16,0.));
#2612 = ORIENTED_EDGE('',*,*,#2563,.F.);
#2613 = ORIENTED_EDGE('',*,*,#2614,.F.);
#2614 = EDGE_CURVE('',#2583,#2564,#2615,.T.);
#2615 = CIRCLE('',#2616,0.550012700025);
#2616 = AXIS2_PLACEMENT_3D('',#2617,#2618,#2619);
#2617 = CARTESIAN_POINT('',(32.766065532131,-43.83996189992,0.));
#2618 = DIRECTION('',(0.,0.,1.));
#2619 = DIRECTION('',(-1.,-1.110223024625E-16,0.));
#2620 = CYLINDRICAL_SURFACE('',#2621,0.550012700025);
#2621 = AXIS2_PLACEMENT_3D('',#2622,#2623,#2624);
#2622 = CARTESIAN_POINT('',(32.766065532131,-43.83996189992,0.));
#2623 = DIRECTION('',(-0.,-0.,-1.));
#2624 = DIRECTION('',(-1.,-1.110223024625E-16,0.));
#2625 = ADVANCED_FACE('',(#2626),#2662,.F.);
#2626 = FACE_BOUND('',#2627,.T.);
#2627 = EDGE_LOOP('',(#2628,#2638,#2647,#2655));
#2628 = ORIENTED_EDGE('',*,*,#2629,.T.);
#2629 = EDGE_CURVE('',#2630,#2632,#2634,.T.);
#2630 = VERTEX_POINT('',#2631);
#2631 = CARTESIAN_POINT('',(33.316078232156,-46.37996697993,0.));
#2632 = VERTEX_POINT('',#2633);
#2633 = CARTESIAN_POINT('',(33.316078232156,-46.37996697993,    1.600050800102));
#2634 = LINE('',#2635,#2636);
#2635 = CARTESIAN_POINT('',(33.316078232156,-46.37996697993,0.));
#2636 = VECTOR('',#2637,1.);
#2637 = DIRECTION('',(0.,0.,1.));
#2638 = ORIENTED_EDGE('',*,*,#2639,.T.);
#2639 = EDGE_CURVE('',#2632,#2640,#2642,.T.);
#2640 = VERTEX_POINT('',#2641);
#2641 = CARTESIAN_POINT('',(32.216052832106,-46.37996697993,    1.600050800102));
#2642 = CIRCLE('',#2643,0.550012700025);
#2643 = AXIS2_PLACEMENT_3D('',#2644,#2645,#2646);
#2644 = CARTESIAN_POINT('',(32.766065532131,-46.37996697993,    1.600050800102));
#2645 = DIRECTION('',(0.,0.,1.));
#2646 = DIRECTION('',(1.,1.110223024625E-16,-0.));
#2647 = ORIENTED_EDGE('',*,*,#2648,.F.);
#2648 = EDGE_CURVE('',#2649,#2640,#2651,.T.);
#2649 = VERTEX_POINT('',#2650);
#2650 = CARTESIAN_POINT('',(32.216052832106,-46.37996697993,0.));
#2651 = LINE('',#2652,#2653);
#2652 = CARTESIAN_POINT('',(32.216052832106,-46.37996697993,0.));
#2653 = VECTOR('',#2654,1.);
#2654 = DIRECTION('',(0.,0.,1.));
#2655 = ORIENTED_EDGE('',*,*,#2656,.F.);
#2656 = EDGE_CURVE('',#2630,#2649,#2657,.T.);
#2657 = CIRCLE('',#2658,0.550012700025);
#2658 = AXIS2_PLACEMENT_3D('',#2659,#2660,#2661);
#2659 = CARTESIAN_POINT('',(32.766065532131,-46.37996697993,0.));
#2660 = DIRECTION('',(0.,0.,1.));
#2661 = DIRECTION('',(1.,1.110223024625E-16,-0.));
#2662 = CYLINDRICAL_SURFACE('',#2663,0.550012700025);
#2663 = AXIS2_PLACEMENT_3D('',#2664,#2665,#2666);
#2664 = CARTESIAN_POINT('',(32.766065532131,-46.37996697993,0.));
#2665 = DIRECTION('',(-0.,-0.,-1.));
#2666 = DIRECTION('',(1.,1.110223024625E-16,-0.));
#2667 = ADVANCED_FACE('',(#2668),#2686,.F.);
#2668 = FACE_BOUND('',#2669,.T.);
#2669 = EDGE_LOOP('',(#2670,#2671,#2678,#2679));
#2670 = ORIENTED_EDGE('',*,*,#2648,.T.);
#2671 = ORIENTED_EDGE('',*,*,#2672,.T.);
#2672 = EDGE_CURVE('',#2640,#2632,#2673,.T.);
#2673 = CIRCLE('',#2674,0.550012700025);
#2674 = AXIS2_PLACEMENT_3D('',#2675,#2676,#2677);
#2675 = CARTESIAN_POINT('',(32.766065532131,-46.37996697993,    1.600050800102));
#2676 = DIRECTION('',(0.,0.,1.));
#2677 = DIRECTION('',(-1.,-1.110223024625E-16,0.));
#2678 = ORIENTED_EDGE('',*,*,#2629,.F.);
#2679 = ORIENTED_EDGE('',*,*,#2680,.F.);
#2680 = EDGE_CURVE('',#2649,#2630,#2681,.T.);
#2681 = CIRCLE('',#2682,0.550012700025);
#2682 = AXIS2_PLACEMENT_3D('',#2683,#2684,#2685);
#2683 = CARTESIAN_POINT('',(32.766065532131,-46.37996697993,0.));
#2684 = DIRECTION('',(0.,0.,1.));
#2685 = DIRECTION('',(-1.,-1.110223024625E-16,0.));
#2686 = CYLINDRICAL_SURFACE('',#2687,0.550012700025);
#2687 = AXIS2_PLACEMENT_3D('',#2688,#2689,#2690);
#2688 = CARTESIAN_POINT('',(32.766065532131,-46.37996697993,0.));
#2689 = DIRECTION('',(-0.,-0.,-1.));
#2690 = DIRECTION('',(-1.,-1.110223024625E-16,0.));
#2691 = ADVANCED_FACE('',(#2692),#2728,.F.);
#2692 = FACE_BOUND('',#2693,.T.);
#2693 = EDGE_LOOP('',(#2694,#2704,#2713,#2721));
#2694 = ORIENTED_EDGE('',*,*,#2695,.T.);
#2695 = EDGE_CURVE('',#2696,#2698,#2700,.T.);
#2696 = VERTEX_POINT('',#2697);
#2697 = CARTESIAN_POINT('',(35.856083312167,-43.83996189992,0.));
#2698 = VERTEX_POINT('',#2699);
#2699 = CARTESIAN_POINT('',(35.856083312167,-43.83996189992,    1.600050800102));
#2700 = LINE('',#2701,#2702);
#2701 = CARTESIAN_POINT('',(35.856083312167,-43.83996189992,0.));
#2702 = VECTOR('',#2703,1.);
#2703 = DIRECTION('',(0.,0.,1.));
#2704 = ORIENTED_EDGE('',*,*,#2705,.T.);
#2705 = EDGE_CURVE('',#2698,#2706,#2708,.T.);
#2706 = VERTEX_POINT('',#2707);
#2707 = CARTESIAN_POINT('',(34.756057912116,-43.83996189992,    1.600050800102));
#2708 = CIRCLE('',#2709,0.550012700025);
#2709 = AXIS2_PLACEMENT_3D('',#2710,#2711,#2712);
#2710 = CARTESIAN_POINT('',(35.306070612141,-43.83996189992,    1.600050800102));
#2711 = DIRECTION('',(0.,0.,1.));
#2712 = DIRECTION('',(1.,1.110223024625E-16,-0.));
#2713 = ORIENTED_EDGE('',*,*,#2714,.F.);
#2714 = EDGE_CURVE('',#2715,#2706,#2717,.T.);
#2715 = VERTEX_POINT('',#2716);
#2716 = CARTESIAN_POINT('',(34.756057912116,-43.83996189992,0.));
#2717 = LINE('',#2718,#2719);
#2718 = CARTESIAN_POINT('',(34.756057912116,-43.83996189992,0.));
#2719 = VECTOR('',#2720,1.);
#2720 = DIRECTION('',(0.,0.,1.));
#2721 = ORIENTED_EDGE('',*,*,#2722,.F.);
#2722 = EDGE_CURVE('',#2696,#2715,#2723,.T.);
#2723 = CIRCLE('',#2724,0.550012700025);
#2724 = AXIS2_PLACEMENT_3D('',#2725,#2726,#2727);
#2725 = CARTESIAN_POINT('',(35.306070612141,-43.83996189992,0.));
#2726 = DIRECTION('',(0.,0.,1.));
#2727 = DIRECTION('',(1.,1.110223024625E-16,-0.));
#2728 = CYLINDRICAL_SURFACE('',#2729,0.550012700025);
#2729 = AXIS2_PLACEMENT_3D('',#2730,#2731,#2732);
#2730 = CARTESIAN_POINT('',(35.306070612141,-43.83996189992,0.));
#2731 = DIRECTION('',(-0.,-0.,-1.));
#2732 = DIRECTION('',(1.,1.110223024625E-16,-0.));
#2733 = ADVANCED_FACE('',(#2734),#2752,.F.);
#2734 = FACE_BOUND('',#2735,.T.);
#2735 = EDGE_LOOP('',(#2736,#2737,#2744,#2745));
#2736 = ORIENTED_EDGE('',*,*,#2714,.T.);
#2737 = ORIENTED_EDGE('',*,*,#2738,.T.);
#2738 = EDGE_CURVE('',#2706,#2698,#2739,.T.);
#2739 = CIRCLE('',#2740,0.550012700025);
#2740 = AXIS2_PLACEMENT_3D('',#2741,#2742,#2743);
#2741 = CARTESIAN_POINT('',(35.306070612141,-43.83996189992,    1.600050800102));
#2742 = DIRECTION('',(0.,0.,1.));
#2743 = DIRECTION('',(-1.,-1.110223024625E-16,0.));
#2744 = ORIENTED_EDGE('',*,*,#2695,.F.);
#2745 = ORIENTED_EDGE('',*,*,#2746,.F.);
#2746 = EDGE_CURVE('',#2715,#2696,#2747,.T.);
#2747 = CIRCLE('',#2748,0.550012700025);
#2748 = AXIS2_PLACEMENT_3D('',#2749,#2750,#2751);
#2749 = CARTESIAN_POINT('',(35.306070612141,-43.83996189992,0.));
#2750 = DIRECTION('',(0.,0.,1.));
#2751 = DIRECTION('',(-1.,-1.110223024625E-16,0.));
#2752 = CYLINDRICAL_SURFACE('',#2753,0.550012700025);
#2753 = AXIS2_PLACEMENT_3D('',#2754,#2755,#2756);
#2754 = CARTESIAN_POINT('',(35.306070612141,-43.83996189992,0.));
#2755 = DIRECTION('',(-0.,-0.,-1.));
#2756 = DIRECTION('',(-1.,-1.110223024625E-16,0.));
#2757 = ADVANCED_FACE('',(#2758),#2794,.F.);
#2758 = FACE_BOUND('',#2759,.T.);
#2759 = EDGE_LOOP('',(#2760,#2770,#2779,#2787));
#2760 = ORIENTED_EDGE('',*,*,#2761,.T.);
#2761 = EDGE_CURVE('',#2762,#2764,#2766,.T.);
#2762 = VERTEX_POINT('',#2763);
#2763 = CARTESIAN_POINT('',(35.856083312167,-46.37996697993,0.));
#2764 = VERTEX_POINT('',#2765);
#2765 = CARTESIAN_POINT('',(35.856083312167,-46.37996697993,    1.600050800102));
#2766 = LINE('',#2767,#2768);
#2767 = CARTESIAN_POINT('',(35.856083312167,-46.37996697993,0.));
#2768 = VECTOR('',#2769,1.);
#2769 = DIRECTION('',(0.,0.,1.));
#2770 = ORIENTED_EDGE('',*,*,#2771,.T.);
#2771 = EDGE_CURVE('',#2764,#2772,#2774,.T.);
#2772 = VERTEX_POINT('',#2773);
#2773 = CARTESIAN_POINT('',(34.756057912116,-46.37996697993,    1.600050800102));
#2774 = CIRCLE('',#2775,0.550012700025);
#2775 = AXIS2_PLACEMENT_3D('',#2776,#2777,#2778);
#2776 = CARTESIAN_POINT('',(35.306070612141,-46.37996697993,    1.600050800102));
#2777 = DIRECTION('',(0.,0.,1.));
#2778 = DIRECTION('',(1.,1.110223024625E-16,-0.));
#2779 = ORIENTED_EDGE('',*,*,#2780,.F.);
#2780 = EDGE_CURVE('',#2781,#2772,#2783,.T.);
#2781 = VERTEX_POINT('',#2782);
#2782 = CARTESIAN_POINT('',(34.756057912116,-46.37996697993,0.));
#2783 = LINE('',#2784,#2785);
#2784 = CARTESIAN_POINT('',(34.756057912116,-46.37996697993,0.));
#2785 = VECTOR('',#2786,1.);
#2786 = DIRECTION('',(0.,0.,1.));
#2787 = ORIENTED_EDGE('',*,*,#2788,.F.);
#2788 = EDGE_CURVE('',#2762,#2781,#2789,.T.);
#2789 = CIRCLE('',#2790,0.550012700025);
#2790 = AXIS2_PLACEMENT_3D('',#2791,#2792,#2793);
#2791 = CARTESIAN_POINT('',(35.306070612141,-46.37996697993,0.));
#2792 = DIRECTION('',(0.,0.,1.));
#2793 = DIRECTION('',(1.,1.110223024625E-16,-0.));
#2794 = CYLINDRICAL_SURFACE('',#2795,0.550012700025);
#2795 = AXIS2_PLACEMENT_3D('',#2796,#2797,#2798);
#2796 = CARTESIAN_POINT('',(35.306070612141,-46.37996697993,0.));
#2797 = DIRECTION('',(-0.,-0.,-1.));
#2798 = DIRECTION('',(1.,1.110223024625E-16,-0.));
#2799 = ADVANCED_FACE('',(#2800),#2818,.F.);
#2800 = FACE_BOUND('',#2801,.T.);
#2801 = EDGE_LOOP('',(#2802,#2803,#2810,#2811));
#2802 = ORIENTED_EDGE('',*,*,#2780,.T.);
#2803 = ORIENTED_EDGE('',*,*,#2804,.T.);
#2804 = EDGE_CURVE('',#2772,#2764,#2805,.T.);
#2805 = CIRCLE('',#2806,0.550012700025);
#2806 = AXIS2_PLACEMENT_3D('',#2807,#2808,#2809);
#2807 = CARTESIAN_POINT('',(35.306070612141,-46.37996697993,    1.600050800102));
#2808 = DIRECTION('',(0.,0.,1.));
#2809 = DIRECTION('',(-1.,-1.110223024625E-16,0.));
#2810 = ORIENTED_EDGE('',*,*,#2761,.F.);
#2811 = ORIENTED_EDGE('',*,*,#2812,.F.);
#2812 = EDGE_CURVE('',#2781,#2762,#2813,.T.);
#2813 = CIRCLE('',#2814,0.550012700025);
#2814 = AXIS2_PLACEMENT_3D('',#2815,#2816,#2817);
#2815 = CARTESIAN_POINT('',(35.306070612141,-46.37996697993,0.));
#2816 = DIRECTION('',(0.,0.,1.));
#2817 = DIRECTION('',(-1.,-1.110223024625E-16,0.));
#2818 = CYLINDRICAL_SURFACE('',#2819,0.550012700025);
#2819 = AXIS2_PLACEMENT_3D('',#2820,#2821,#2822);
#2820 = CARTESIAN_POINT('',(35.306070612141,-46.37996697993,0.));
#2821 = DIRECTION('',(-0.,-0.,-1.));
#2822 = DIRECTION('',(-1.,-1.110223024625E-16,0.));
#2823 = ADVANCED_FACE('',(#2824),#2860,.F.);
#2824 = FACE_BOUND('',#2825,.T.);
#2825 = EDGE_LOOP('',(#2826,#2836,#2845,#2853));
#2826 = ORIENTED_EDGE('',*,*,#2827,.T.);
#2827 = EDGE_CURVE('',#2828,#2830,#2832,.T.);
#2828 = VERTEX_POINT('',#2829);
#2829 = CARTESIAN_POINT('',(38.523088646177,-26.5430530861,0.));
#2830 = VERTEX_POINT('',#2831);
#2831 = CARTESIAN_POINT('',(38.523088646177,-26.5430530861,    1.600050800102));
#2832 = LINE('',#2833,#2834);
#2833 = CARTESIAN_POINT('',(38.523088646177,-26.5430530861,0.));
#2834 = VECTOR('',#2835,1.);
#2835 = DIRECTION('',(0.,0.,1.));
#2836 = ORIENTED_EDGE('',*,*,#2837,.T.);
#2837 = EDGE_CURVE('',#2830,#2838,#2840,.T.);
#2838 = VERTEX_POINT('',#2839);
#2839 = CARTESIAN_POINT('',(37.423063246126,-26.5430530861,    1.600050800102));
#2840 = CIRCLE('',#2841,0.550012700025);
#2841 = AXIS2_PLACEMENT_3D('',#2842,#2843,#2844);
#2842 = CARTESIAN_POINT('',(37.973075946152,-26.5430530861,    1.600050800102));
#2843 = DIRECTION('',(0.,0.,1.));
#2844 = DIRECTION('',(1.,1.110223024625E-16,-0.));
#2845 = ORIENTED_EDGE('',*,*,#2846,.F.);
#2846 = EDGE_CURVE('',#2847,#2838,#2849,.T.);
#2847 = VERTEX_POINT('',#2848);
#2848 = CARTESIAN_POINT('',(37.423063246126,-26.5430530861,0.));
#2849 = LINE('',#2850,#2851);
#2850 = CARTESIAN_POINT('',(37.423063246126,-26.5430530861,0.));
#2851 = VECTOR('',#2852,1.);
#2852 = DIRECTION('',(0.,0.,1.));
#2853 = ORIENTED_EDGE('',*,*,#2854,.F.);
#2854 = EDGE_CURVE('',#2828,#2847,#2855,.T.);
#2855 = CIRCLE('',#2856,0.550012700025);
#2856 = AXIS2_PLACEMENT_3D('',#2857,#2858,#2859);
#2857 = CARTESIAN_POINT('',(37.973075946152,-26.5430530861,0.));
#2858 = DIRECTION('',(0.,0.,1.));
#2859 = DIRECTION('',(1.,1.110223024625E-16,-0.));
#2860 = CYLINDRICAL_SURFACE('',#2861,0.550012700025);
#2861 = AXIS2_PLACEMENT_3D('',#2862,#2863,#2864);
#2862 = CARTESIAN_POINT('',(37.973075946152,-26.5430530861,0.));
#2863 = DIRECTION('',(-0.,-0.,-1.));
#2864 = DIRECTION('',(1.,1.110223024625E-16,-0.));
#2865 = ADVANCED_FACE('',(#2866),#2884,.F.);
#2866 = FACE_BOUND('',#2867,.T.);
#2867 = EDGE_LOOP('',(#2868,#2869,#2876,#2877));
#2868 = ORIENTED_EDGE('',*,*,#2846,.T.);
#2869 = ORIENTED_EDGE('',*,*,#2870,.T.);
#2870 = EDGE_CURVE('',#2838,#2830,#2871,.T.);
#2871 = CIRCLE('',#2872,0.550012700025);
#2872 = AXIS2_PLACEMENT_3D('',#2873,#2874,#2875);
#2873 = CARTESIAN_POINT('',(37.973075946152,-26.5430530861,    1.600050800102));
#2874 = DIRECTION('',(0.,0.,1.));
#2875 = DIRECTION('',(-1.,-1.110223024625E-16,0.));
#2876 = ORIENTED_EDGE('',*,*,#2827,.F.);
#2877 = ORIENTED_EDGE('',*,*,#2878,.F.);
#2878 = EDGE_CURVE('',#2847,#2828,#2879,.T.);
#2879 = CIRCLE('',#2880,0.550012700025);
#2880 = AXIS2_PLACEMENT_3D('',#2881,#2882,#2883);
#2881 = CARTESIAN_POINT('',(37.973075946152,-26.5430530861,0.));
#2882 = DIRECTION('',(0.,0.,1.));
#2883 = DIRECTION('',(-1.,-1.110223024625E-16,0.));
#2884 = CYLINDRICAL_SURFACE('',#2885,0.550012700025);
#2885 = AXIS2_PLACEMENT_3D('',#2886,#2887,#2888);
#2886 = CARTESIAN_POINT('',(37.973075946152,-26.5430530861,0.));
#2887 = DIRECTION('',(-0.,-0.,-1.));
#2888 = DIRECTION('',(-1.,-1.110223024625E-16,0.));
#2889 = ADVANCED_FACE('',(#2890),#2926,.F.);
#2890 = FACE_BOUND('',#2891,.T.);
#2891 = EDGE_LOOP('',(#2892,#2902,#2911,#2919));
#2892 = ORIENTED_EDGE('',*,*,#2893,.T.);
#2893 = EDGE_CURVE('',#2894,#2896,#2898,.T.);
#2894 = VERTEX_POINT('',#2895);
#2895 = CARTESIAN_POINT('',(41.063093726187,-26.5430530861,0.));
#2896 = VERTEX_POINT('',#2897);
#2897 = CARTESIAN_POINT('',(41.063093726187,-26.5430530861,    1.600050800102));
#2898 = LINE('',#2899,#2900);
#2899 = CARTESIAN_POINT('',(41.063093726187,-26.5430530861,0.));
#2900 = VECTOR('',#2901,1.);
#2901 = DIRECTION('',(0.,0.,1.));
#2902 = ORIENTED_EDGE('',*,*,#2903,.T.);
#2903 = EDGE_CURVE('',#2896,#2904,#2906,.T.);
#2904 = VERTEX_POINT('',#2905);
#2905 = CARTESIAN_POINT('',(39.963068326137,-26.5430530861,    1.600050800102));
#2906 = CIRCLE('',#2907,0.550012700025);
#2907 = AXIS2_PLACEMENT_3D('',#2908,#2909,#2910);
#2908 = CARTESIAN_POINT('',(40.513081026162,-26.5430530861,    1.600050800102));
#2909 = DIRECTION('',(0.,0.,1.));
#2910 = DIRECTION('',(1.,1.110223024625E-16,-0.));
#2911 = ORIENTED_EDGE('',*,*,#2912,.F.);
#2912 = EDGE_CURVE('',#2913,#2904,#2915,.T.);
#2913 = VERTEX_POINT('',#2914);
#2914 = CARTESIAN_POINT('',(39.963068326137,-26.5430530861,0.));
#2915 = LINE('',#2916,#2917);
#2916 = CARTESIAN_POINT('',(39.963068326137,-26.5430530861,0.));
#2917 = VECTOR('',#2918,1.);
#2918 = DIRECTION('',(0.,0.,1.));
#2919 = ORIENTED_EDGE('',*,*,#2920,.F.);
#2920 = EDGE_CURVE('',#2894,#2913,#2921,.T.);
#2921 = CIRCLE('',#2922,0.550012700025);
#2922 = AXIS2_PLACEMENT_3D('',#2923,#2924,#2925);
#2923 = CARTESIAN_POINT('',(40.513081026162,-26.5430530861,0.));
#2924 = DIRECTION('',(0.,0.,1.));
#2925 = DIRECTION('',(1.,1.110223024625E-16,-0.));
#2926 = CYLINDRICAL_SURFACE('',#2927,0.550012700025);
#2927 = AXIS2_PLACEMENT_3D('',#2928,#2929,#2930);
#2928 = CARTESIAN_POINT('',(40.513081026162,-26.5430530861,0.));
#2929 = DIRECTION('',(-0.,-0.,-1.));
#2930 = DIRECTION('',(1.,1.110223024625E-16,-0.));
#2931 = ADVANCED_FACE('',(#2932),#2950,.F.);
#2932 = FACE_BOUND('',#2933,.T.);
#2933 = EDGE_LOOP('',(#2934,#2935,#2942,#2943));
#2934 = ORIENTED_EDGE('',*,*,#2912,.T.);
#2935 = ORIENTED_EDGE('',*,*,#2936,.T.);
#2936 = EDGE_CURVE('',#2904,#2896,#2937,.T.);
#2937 = CIRCLE('',#2938,0.550012700025);
#2938 = AXIS2_PLACEMENT_3D('',#2939,#2940,#2941);
#2939 = CARTESIAN_POINT('',(40.513081026162,-26.5430530861,    1.600050800102));
#2940 = DIRECTION('',(0.,0.,1.));
#2941 = DIRECTION('',(-1.,-1.110223024625E-16,0.));
#2942 = ORIENTED_EDGE('',*,*,#2893,.F.);
#2943 = ORIENTED_EDGE('',*,*,#2944,.F.);
#2944 = EDGE_CURVE('',#2913,#2894,#2945,.T.);
#2945 = CIRCLE('',#2946,0.550012700025);
#2946 = AXIS2_PLACEMENT_3D('',#2947,#2948,#2949);
#2947 = CARTESIAN_POINT('',(40.513081026162,-26.5430530861,0.));
#2948 = DIRECTION('',(0.,0.,1.));
#2949 = DIRECTION('',(-1.,-1.110223024625E-16,0.));
#2950 = CYLINDRICAL_SURFACE('',#2951,0.550012700025);
#2951 = AXIS2_PLACEMENT_3D('',#2952,#2953,#2954);
#2952 = CARTESIAN_POINT('',(40.513081026162,-26.5430530861,0.));
#2953 = DIRECTION('',(-0.,-0.,-1.));
#2954 = DIRECTION('',(-1.,-1.110223024625E-16,0.));
#2955 = ADVANCED_FACE('',(#2956),#2992,.F.);
#2956 = FACE_BOUND('',#2957,.T.);
#2957 = EDGE_LOOP('',(#2958,#2968,#2977,#2985));
#2958 = ORIENTED_EDGE('',*,*,#2959,.T.);
#2959 = EDGE_CURVE('',#2960,#2962,#2964,.T.);
#2960 = VERTEX_POINT('',#2961);
#2961 = CARTESIAN_POINT('',(51.600102870206,-3.175006350013,0.));
#2962 = VERTEX_POINT('',#2963);
#2963 = CARTESIAN_POINT('',(51.600102870206,-3.175006350013,    1.600050800102));
#2964 = LINE('',#2965,#2966);
#2965 = CARTESIAN_POINT('',(51.600102870206,-3.175006350013,0.));
#2966 = VECTOR('',#2967,1.);
#2967 = DIRECTION('',(0.,0.,1.));
#2968 = ORIENTED_EDGE('',*,*,#2969,.T.);
#2969 = EDGE_CURVE('',#2962,#2970,#2972,.T.);
#2970 = VERTEX_POINT('',#2971);
#2971 = CARTESIAN_POINT('',(48.400095250191,-3.175006350013,    1.600050800102));
#2972 = CIRCLE('',#2973,1.600003810008);
#2973 = AXIS2_PLACEMENT_3D('',#2974,#2975,#2976);
#2974 = CARTESIAN_POINT('',(50.000099060198,-3.175006350013,    1.600050800102));
#2975 = DIRECTION('',(0.,0.,1.));
#2976 = DIRECTION('',(1.,1.110223024625E-16,-0.));
#2977 = ORIENTED_EDGE('',*,*,#2978,.F.);
#2978 = EDGE_CURVE('',#2979,#2970,#2981,.T.);
#2979 = VERTEX_POINT('',#2980);
#2980 = CARTESIAN_POINT('',(48.400095250191,-3.175006350013,0.));
#2981 = LINE('',#2982,#2983);
#2982 = CARTESIAN_POINT('',(48.400095250191,-3.175006350013,0.));
#2983 = VECTOR('',#2984,1.);
#2984 = DIRECTION('',(0.,0.,1.));
#2985 = ORIENTED_EDGE('',*,*,#2986,.F.);
#2986 = EDGE_CURVE('',#2960,#2979,#2987,.T.);
#2987 = CIRCLE('',#2988,1.600003810008);
#2988 = AXIS2_PLACEMENT_3D('',#2989,#2990,#2991);
#2989 = CARTESIAN_POINT('',(50.000099060198,-3.175006350013,0.));
#2990 = DIRECTION('',(0.,0.,1.));
#2991 = DIRECTION('',(1.,1.110223024625E-16,-0.));
#2992 = CYLINDRICAL_SURFACE('',#2993,1.600003810008);
#2993 = AXIS2_PLACEMENT_3D('',#2994,#2995,#2996);
#2994 = CARTESIAN_POINT('',(50.000099060198,-3.175006350013,0.));
#2995 = DIRECTION('',(-0.,-0.,-1.));
#2996 = DIRECTION('',(1.,1.110223024625E-16,-0.));
#2997 = ADVANCED_FACE('',(#2998),#3016,.F.);
#2998 = FACE_BOUND('',#2999,.T.);
#2999 = EDGE_LOOP('',(#3000,#3001,#3008,#3009));
#3000 = ORIENTED_EDGE('',*,*,#2978,.T.);
#3001 = ORIENTED_EDGE('',*,*,#3002,.T.);
#3002 = EDGE_CURVE('',#2970,#2962,#3003,.T.);
#3003 = CIRCLE('',#3004,1.600003810008);
#3004 = AXIS2_PLACEMENT_3D('',#3005,#3006,#3007);
#3005 = CARTESIAN_POINT('',(50.000099060198,-3.175006350013,    1.600050800102));
#3006 = DIRECTION('',(0.,0.,1.));
#3007 = DIRECTION('',(-1.,-1.110223024625E-16,0.));
#3008 = ORIENTED_EDGE('',*,*,#2959,.F.);
#3009 = ORIENTED_EDGE('',*,*,#3010,.F.);
#3010 = EDGE_CURVE('',#2979,#2960,#3011,.T.);
#3011 = CIRCLE('',#3012,1.600003810008);
#3012 = AXIS2_PLACEMENT_3D('',#3013,#3014,#3015);
#3013 = CARTESIAN_POINT('',(50.000099060198,-3.175006350013,0.));
#3014 = DIRECTION('',(0.,0.,1.));
#3015 = DIRECTION('',(-1.,-1.110223024625E-16,0.));
#3016 = CYLINDRICAL_SURFACE('',#3017,1.600003810008);
#3017 = AXIS2_PLACEMENT_3D('',#3018,#3019,#3020);
#3018 = CARTESIAN_POINT('',(50.000099060198,-3.175006350013,0.));
#3019 = DIRECTION('',(-0.,-0.,-1.));
#3020 = DIRECTION('',(-1.,-1.110223024625E-16,0.));
#3021 = ADVANCED_FACE('',(#3022),#3058,.F.);
#3022 = FACE_BOUND('',#3023,.T.);
#3023 = EDGE_LOOP('',(#3024,#3034,#3043,#3051));
#3024 = ORIENTED_EDGE('',*,*,#3025,.T.);
#3025 = EDGE_CURVE('',#3026,#3028,#3030,.T.);
#3026 = VERTEX_POINT('',#3027);
#3027 = CARTESIAN_POINT('',(51.638103886208,-46.82709423418,0.));
#3028 = VERTEX_POINT('',#3029);
#3029 = CARTESIAN_POINT('',(51.638103886208,-46.82709423418,    1.600050800102));
#3030 = LINE('',#3031,#3032);
#3031 = CARTESIAN_POINT('',(51.638103886208,-46.82709423418,0.));
#3032 = VECTOR('',#3033,1.);
#3033 = DIRECTION('',(0.,0.,1.));
#3034 = ORIENTED_EDGE('',*,*,#3035,.T.);
#3035 = EDGE_CURVE('',#3028,#3036,#3038,.T.);
#3036 = VERTEX_POINT('',#3037);
#3037 = CARTESIAN_POINT('',(48.438096266193,-46.82709423418,    1.600050800102));
#3038 = CIRCLE('',#3039,1.600003810008);
#3039 = AXIS2_PLACEMENT_3D('',#3040,#3041,#3042);
#3040 = CARTESIAN_POINT('',(50.0381000762,-46.82709423418,1.600050800102    ));
#3041 = DIRECTION('',(0.,0.,1.));
#3042 = DIRECTION('',(1.,1.110223024625E-16,-0.));
#3043 = ORIENTED_EDGE('',*,*,#3044,.F.);
#3044 = EDGE_CURVE('',#3045,#3036,#3047,.T.);
#3045 = VERTEX_POINT('',#3046);
#3046 = CARTESIAN_POINT('',(48.438096266193,-46.82709423418,0.));
#3047 = LINE('',#3048,#3049);
#3048 = CARTESIAN_POINT('',(48.438096266193,-46.82709423418,0.));
#3049 = VECTOR('',#3050,1.);
#3050 = DIRECTION('',(0.,0.,1.));
#3051 = ORIENTED_EDGE('',*,*,#3052,.F.);
#3052 = EDGE_CURVE('',#3026,#3045,#3053,.T.);
#3053 = CIRCLE('',#3054,1.600003810008);
#3054 = AXIS2_PLACEMENT_3D('',#3055,#3056,#3057);
#3055 = CARTESIAN_POINT('',(50.0381000762,-46.82709423418,0.));
#3056 = DIRECTION('',(0.,0.,1.));
#3057 = DIRECTION('',(1.,1.110223024625E-16,-0.));
#3058 = CYLINDRICAL_SURFACE('',#3059,1.600003810008);
#3059 = AXIS2_PLACEMENT_3D('',#3060,#3061,#3062);
#3060 = CARTESIAN_POINT('',(50.0381000762,-46.82709423418,0.));
#3061 = DIRECTION('',(-0.,-0.,-1.));
#3062 = DIRECTION('',(1.,1.110223024625E-16,-0.));
#3063 = ADVANCED_FACE('',(#3064),#3082,.F.);
#3064 = FACE_BOUND('',#3065,.T.);
#3065 = EDGE_LOOP('',(#3066,#3067,#3074,#3075));
#3066 = ORIENTED_EDGE('',*,*,#3044,.T.);
#3067 = ORIENTED_EDGE('',*,*,#3068,.T.);
#3068 = EDGE_CURVE('',#3036,#3028,#3069,.T.);
#3069 = CIRCLE('',#3070,1.600003810008);
#3070 = AXIS2_PLACEMENT_3D('',#3071,#3072,#3073);
#3071 = CARTESIAN_POINT('',(50.0381000762,-46.82709423418,1.600050800102    ));
#3072 = DIRECTION('',(0.,0.,1.));
#3073 = DIRECTION('',(-1.,-1.110223024625E-16,0.));
#3074 = ORIENTED_EDGE('',*,*,#3025,.F.);
#3075 = ORIENTED_EDGE('',*,*,#3076,.F.);
#3076 = EDGE_CURVE('',#3045,#3026,#3077,.T.);
#3077 = CIRCLE('',#3078,1.600003810008);
#3078 = AXIS2_PLACEMENT_3D('',#3079,#3080,#3081);
#3079 = CARTESIAN_POINT('',(50.0381000762,-46.82709423418,0.));
#3080 = DIRECTION('',(0.,0.,1.));
#3081 = DIRECTION('',(-1.,-1.110223024625E-16,0.));
#3082 = CYLINDRICAL_SURFACE('',#3083,1.600003810008);
#3083 = AXIS2_PLACEMENT_3D('',#3084,#3085,#3086);
#3084 = CARTESIAN_POINT('',(50.0381000762,-46.82709423418,0.));
#3085 = DIRECTION('',(-0.,-0.,-1.));
#3086 = DIRECTION('',(-1.,-1.110223024625E-16,0.));
#3087 = ADVANCED_FACE('',(#3088),#3124,.F.);
#3088 = FACE_BOUND('',#3089,.T.);
#3089 = EDGE_LOOP('',(#3090,#3100,#3109,#3117));
#3090 = ORIENTED_EDGE('',*,*,#3091,.T.);
#3091 = EDGE_CURVE('',#3092,#3094,#3096,.T.);
#3092 = VERTEX_POINT('',#3093);
#3093 = CARTESIAN_POINT('',(50.969113538227,-26.6700533401,0.));
#3094 = VERTEX_POINT('',#3095);
#3095 = CARTESIAN_POINT('',(50.969113538227,-26.6700533401,    1.600050800102));
#3096 = LINE('',#3097,#3098);
#3097 = CARTESIAN_POINT('',(50.969113538227,-26.6700533401,0.));
#3098 = VECTOR('',#3099,1.);
#3099 = DIRECTION('',(0.,0.,1.));
#3100 = ORIENTED_EDGE('',*,*,#3101,.T.);
#3101 = EDGE_CURVE('',#3094,#3102,#3104,.T.);
#3102 = VERTEX_POINT('',#3103);
#3103 = CARTESIAN_POINT('',(49.869088138176,-26.6700533401,    1.600050800102));
#3104 = CIRCLE('',#3105,0.550012700025);
#3105 = AXIS2_PLACEMENT_3D('',#3106,#3107,#3108);
#3106 = CARTESIAN_POINT('',(50.419100838202,-26.6700533401,    1.600050800102));
#3107 = DIRECTION('',(0.,0.,1.));
#3108 = DIRECTION('',(1.,1.110223024625E-16,-0.));
#3109 = ORIENTED_EDGE('',*,*,#3110,.F.);
#3110 = EDGE_CURVE('',#3111,#3102,#3113,.T.);
#3111 = VERTEX_POINT('',#3112);
#3112 = CARTESIAN_POINT('',(49.869088138176,-26.6700533401,0.));
#3113 = LINE('',#3114,#3115);
#3114 = CARTESIAN_POINT('',(49.869088138176,-26.6700533401,0.));
#3115 = VECTOR('',#3116,1.);
#3116 = DIRECTION('',(0.,0.,1.));
#3117 = ORIENTED_EDGE('',*,*,#3118,.F.);
#3118 = EDGE_CURVE('',#3092,#3111,#3119,.T.);
#3119 = CIRCLE('',#3120,0.550012700025);
#3120 = AXIS2_PLACEMENT_3D('',#3121,#3122,#3123);
#3121 = CARTESIAN_POINT('',(50.419100838202,-26.6700533401,0.));
#3122 = DIRECTION('',(0.,0.,1.));
#3123 = DIRECTION('',(1.,1.110223024625E-16,-0.));
#3124 = CYLINDRICAL_SURFACE('',#3125,0.550012700025);
#3125 = AXIS2_PLACEMENT_3D('',#3126,#3127,#3128);
#3126 = CARTESIAN_POINT('',(50.419100838202,-26.6700533401,0.));
#3127 = DIRECTION('',(-0.,-0.,-1.));
#3128 = DIRECTION('',(1.,1.110223024625E-16,-0.));
#3129 = ADVANCED_FACE('',(#3130),#3148,.F.);
#3130 = FACE_BOUND('',#3131,.T.);
#3131 = EDGE_LOOP('',(#3132,#3133,#3140,#3141));
#3132 = ORIENTED_EDGE('',*,*,#3110,.T.);
#3133 = ORIENTED_EDGE('',*,*,#3134,.T.);
#3134 = EDGE_CURVE('',#3102,#3094,#3135,.T.);
#3135 = CIRCLE('',#3136,0.550012700025);
#3136 = AXIS2_PLACEMENT_3D('',#3137,#3138,#3139);
#3137 = CARTESIAN_POINT('',(50.419100838202,-26.6700533401,    1.600050800102));
#3138 = DIRECTION('',(0.,0.,1.));
#3139 = DIRECTION('',(-1.,-1.110223024625E-16,0.));
#3140 = ORIENTED_EDGE('',*,*,#3091,.F.);
#3141 = ORIENTED_EDGE('',*,*,#3142,.F.);
#3142 = EDGE_CURVE('',#3111,#3092,#3143,.T.);
#3143 = CIRCLE('',#3144,0.550012700025);
#3144 = AXIS2_PLACEMENT_3D('',#3145,#3146,#3147);
#3145 = CARTESIAN_POINT('',(50.419100838202,-26.6700533401,0.));
#3146 = DIRECTION('',(0.,0.,1.));
#3147 = DIRECTION('',(-1.,-1.110223024625E-16,0.));
#3148 = CYLINDRICAL_SURFACE('',#3149,0.550012700025);
#3149 = AXIS2_PLACEMENT_3D('',#3150,#3151,#3152);
#3150 = CARTESIAN_POINT('',(50.419100838202,-26.6700533401,0.));
#3151 = DIRECTION('',(-0.,-0.,-1.));
#3152 = DIRECTION('',(-1.,-1.110223024625E-16,0.));
#3153 = ADVANCED_FACE('',(#3154),#3190,.F.);
#3154 = FACE_BOUND('',#3155,.T.);
#3155 = EDGE_LOOP('',(#3156,#3166,#3175,#3183));
#3156 = ORIENTED_EDGE('',*,*,#3157,.T.);
#3157 = EDGE_CURVE('',#3158,#3160,#3162,.T.);
#3158 = VERTEX_POINT('',#3159);
#3159 = CARTESIAN_POINT('',(53.509118618237,-26.6700533401,0.));
#3160 = VERTEX_POINT('',#3161);
#3161 = CARTESIAN_POINT('',(53.509118618237,-26.6700533401,    1.600050800102));
#3162 = LINE('',#3163,#3164);
#3163 = CARTESIAN_POINT('',(53.509118618237,-26.6700533401,0.));
#3164 = VECTOR('',#3165,1.);
#3165 = DIRECTION('',(0.,0.,1.));
#3166 = ORIENTED_EDGE('',*,*,#3167,.T.);
#3167 = EDGE_CURVE('',#3160,#3168,#3170,.T.);
#3168 = VERTEX_POINT('',#3169);
#3169 = CARTESIAN_POINT('',(52.409093218186,-26.6700533401,    1.600050800102));
#3170 = CIRCLE('',#3171,0.550012700025);
#3171 = AXIS2_PLACEMENT_3D('',#3172,#3173,#3174);
#3172 = CARTESIAN_POINT('',(52.959105918212,-26.6700533401,    1.600050800102));
#3173 = DIRECTION('',(0.,0.,1.));
#3174 = DIRECTION('',(1.,1.110223024625E-16,-0.));
#3175 = ORIENTED_EDGE('',*,*,#3176,.F.);
#3176 = EDGE_CURVE('',#3177,#3168,#3179,.T.);
#3177 = VERTEX_POINT('',#3178);
#3178 = CARTESIAN_POINT('',(52.409093218186,-26.6700533401,0.));
#3179 = LINE('',#3180,#3181);
#3180 = CARTESIAN_POINT('',(52.409093218186,-26.6700533401,0.));
#3181 = VECTOR('',#3182,1.);
#3182 = DIRECTION('',(0.,0.,1.));
#3183 = ORIENTED_EDGE('',*,*,#3184,.F.);
#3184 = EDGE_CURVE('',#3158,#3177,#3185,.T.);
#3185 = CIRCLE('',#3186,0.550012700025);
#3186 = AXIS2_PLACEMENT_3D('',#3187,#3188,#3189);
#3187 = CARTESIAN_POINT('',(52.959105918212,-26.6700533401,0.));
#3188 = DIRECTION('',(0.,0.,1.));
#3189 = DIRECTION('',(1.,1.110223024625E-16,-0.));
#3190 = CYLINDRICAL_SURFACE('',#3191,0.550012700025);
#3191 = AXIS2_PLACEMENT_3D('',#3192,#3193,#3194);
#3192 = CARTESIAN_POINT('',(52.959105918212,-26.6700533401,0.));
#3193 = DIRECTION('',(-0.,-0.,-1.));
#3194 = DIRECTION('',(1.,1.110223024625E-16,-0.));
#3195 = ADVANCED_FACE('',(#3196),#3214,.F.);
#3196 = FACE_BOUND('',#3197,.T.);
#3197 = EDGE_LOOP('',(#3198,#3199,#3206,#3207));
#3198 = ORIENTED_EDGE('',*,*,#3176,.T.);
#3199 = ORIENTED_EDGE('',*,*,#3200,.T.);
#3200 = EDGE_CURVE('',#3168,#3160,#3201,.T.);
#3201 = CIRCLE('',#3202,0.550012700025);
#3202 = AXIS2_PLACEMENT_3D('',#3203,#3204,#3205);
#3203 = CARTESIAN_POINT('',(52.959105918212,-26.6700533401,    1.600050800102));
#3204 = DIRECTION('',(0.,0.,1.));
#3205 = DIRECTION('',(-1.,-1.110223024625E-16,0.));
#3206 = ORIENTED_EDGE('',*,*,#3157,.F.);
#3207 = ORIENTED_EDGE('',*,*,#3208,.F.);
#3208 = EDGE_CURVE('',#3177,#3158,#3209,.T.);
#3209 = CIRCLE('',#3210,0.550012700025);
#3210 = AXIS2_PLACEMENT_3D('',#3211,#3212,#3213);
#3211 = CARTESIAN_POINT('',(52.959105918212,-26.6700533401,0.));
#3212 = DIRECTION('',(0.,0.,1.));
#3213 = DIRECTION('',(-1.,-1.110223024625E-16,0.));
#3214 = CYLINDRICAL_SURFACE('',#3215,0.550012700025);
#3215 = AXIS2_PLACEMENT_3D('',#3216,#3217,#3218);
#3216 = CARTESIAN_POINT('',(52.959105918212,-26.6700533401,0.));
#3217 = DIRECTION('',(-0.,-0.,-1.));
#3218 = DIRECTION('',(-1.,-1.110223024625E-16,0.));
#3219 = ADVANCED_FACE('',(#3220),#3254,.T.);
#3220 = FACE_BOUND('',#3221,.T.);
#3221 = EDGE_LOOP('',(#3222,#3232,#3240,#3248));
#3222 = ORIENTED_EDGE('',*,*,#3223,.T.);
#3223 = EDGE_CURVE('',#3224,#3226,#3228,.T.);
#3224 = VERTEX_POINT('',#3225);
#3225 = CARTESIAN_POINT('',(76.488163576327,-5.57302514605,0.));
#3226 = VERTEX_POINT('',#3227);
#3227 = CARTESIAN_POINT('',(76.488163576327,-5.57302514605,    1.600050800102));
#3228 = LINE('',#3229,#3230);
#3229 = CARTESIAN_POINT('',(76.488163576327,-5.57302514605,0.));
#3230 = VECTOR('',#3231,1.);
#3231 = DIRECTION('',(0.,0.,1.));
#3232 = ORIENTED_EDGE('',*,*,#3233,.T.);
#3233 = EDGE_CURVE('',#3226,#3234,#3236,.T.);
#3234 = VERTEX_POINT('',#3235);
#3235 = CARTESIAN_POINT('',(76.488163576327,-6.87302514605,    1.600050800102));
#3236 = LINE('',#3237,#3238);
#3237 = CARTESIAN_POINT('',(76.488163576327,-5.57302514605,    1.600050800102));
#3238 = VECTOR('',#3239,1.);
#3239 = DIRECTION('',(0.,-1.,0.));
#3240 = ORIENTED_EDGE('',*,*,#3241,.F.);
#3241 = EDGE_CURVE('',#3242,#3234,#3244,.T.);
#3242 = VERTEX_POINT('',#3243);
#3243 = CARTESIAN_POINT('',(76.488163576327,-6.87302514605,0.));
#3244 = LINE('',#3245,#3246);
#3245 = CARTESIAN_POINT('',(76.488163576327,-6.87302514605,0.));
#3246 = VECTOR('',#3247,1.);
#3247 = DIRECTION('',(0.,0.,1.));
#3248 = ORIENTED_EDGE('',*,*,#3249,.F.);
#3249 = EDGE_CURVE('',#3224,#3242,#3250,.T.);
#3250 = LINE('',#3251,#3252);
#3251 = CARTESIAN_POINT('',(76.488163576327,-5.57302514605,0.));
#3252 = VECTOR('',#3253,1.);
#3253 = DIRECTION('',(0.,-1.,0.));
#3254 = PLANE('',#3255);
#3255 = AXIS2_PLACEMENT_3D('',#3256,#3257,#3258);
#3256 = CARTESIAN_POINT('',(76.488163576327,-5.57302514605,0.));
#3257 = DIRECTION('',(1.,0.,-0.));
#3258 = DIRECTION('',(0.,-1.,0.));
#3259 = ADVANCED_FACE('',(#3260),#3287,.F.);
#3260 = FACE_BOUND('',#3261,.T.);
#3261 = EDGE_LOOP('',(#3262,#3263,#3272,#3280));
#3262 = ORIENTED_EDGE('',*,*,#3241,.T.);
#3263 = ORIENTED_EDGE('',*,*,#3264,.T.);
#3264 = EDGE_CURVE('',#3234,#3265,#3267,.T.);
#3265 = VERTEX_POINT('',#3266);
#3266 = CARTESIAN_POINT('',(77.688163576327,-6.87302514605,    1.600050800102));
#3267 = CIRCLE('',#3268,0.6);
#3268 = AXIS2_PLACEMENT_3D('',#3269,#3270,#3271);
#3269 = CARTESIAN_POINT('',(77.088163576327,-6.87302514605,    1.600050800102));
#3270 = DIRECTION('',(0.,0.,1.));
#3271 = DIRECTION('',(-1.,-1.110223024625E-16,0.));
#3272 = ORIENTED_EDGE('',*,*,#3273,.F.);
#3273 = EDGE_CURVE('',#3274,#3265,#3276,.T.);
#3274 = VERTEX_POINT('',#3275);
#3275 = CARTESIAN_POINT('',(77.688163576327,-6.87302514605,0.));
#3276 = LINE('',#3277,#3278);
#3277 = CARTESIAN_POINT('',(77.688163576327,-6.87302514605,0.));
#3278 = VECTOR('',#3279,1.);
#3279 = DIRECTION('',(0.,0.,1.));
#3280 = ORIENTED_EDGE('',*,*,#3281,.F.);
#3281 = EDGE_CURVE('',#3242,#3274,#3282,.T.);
#3282 = CIRCLE('',#3283,0.6);
#3283 = AXIS2_PLACEMENT_3D('',#3284,#3285,#3286);
#3284 = CARTESIAN_POINT('',(77.088163576327,-6.87302514605,0.));
#3285 = DIRECTION('',(0.,0.,1.));
#3286 = DIRECTION('',(-1.,-1.110223024625E-16,0.));
#3287 = CYLINDRICAL_SURFACE('',#3288,0.6);
#3288 = AXIS2_PLACEMENT_3D('',#3289,#3290,#3291);
#3289 = CARTESIAN_POINT('',(77.088163576327,-6.87302514605,0.));
#3290 = DIRECTION('',(-0.,-0.,-1.));
#3291 = DIRECTION('',(-1.,-1.110223024625E-16,0.));
#3292 = ADVANCED_FACE('',(#3293),#3318,.T.);
#3293 = FACE_BOUND('',#3294,.T.);
#3294 = EDGE_LOOP('',(#3295,#3296,#3304,#3312));
#3295 = ORIENTED_EDGE('',*,*,#3273,.T.);
#3296 = ORIENTED_EDGE('',*,*,#3297,.T.);
#3297 = EDGE_CURVE('',#3265,#3298,#3300,.T.);
#3298 = VERTEX_POINT('',#3299);
#3299 = CARTESIAN_POINT('',(77.688163576327,-5.57302514605,    1.600050800102));
#3300 = LINE('',#3301,#3302);
#3301 = CARTESIAN_POINT('',(77.688163576327,-6.87302514605,    1.600050800102));
#3302 = VECTOR('',#3303,1.);
#3303 = DIRECTION('',(0.,1.,0.));
#3304 = ORIENTED_EDGE('',*,*,#3305,.F.);
#3305 = EDGE_CURVE('',#3306,#3298,#3308,.T.);
#3306 = VERTEX_POINT('',#3307);
#3307 = CARTESIAN_POINT('',(77.688163576327,-5.57302514605,0.));
#3308 = LINE('',#3309,#3310);
#3309 = CARTESIAN_POINT('',(77.688163576327,-5.57302514605,0.));
#3310 = VECTOR('',#3311,1.);
#3311 = DIRECTION('',(0.,0.,1.));
#3312 = ORIENTED_EDGE('',*,*,#3313,.F.);
#3313 = EDGE_CURVE('',#3274,#3306,#3314,.T.);
#3314 = LINE('',#3315,#3316);
#3315 = CARTESIAN_POINT('',(77.688163576327,-6.87302514605,0.));
#3316 = VECTOR('',#3317,1.);
#3317 = DIRECTION('',(0.,1.,0.));
#3318 = PLANE('',#3319);
#3319 = AXIS2_PLACEMENT_3D('',#3320,#3321,#3322);
#3320 = CARTESIAN_POINT('',(77.688163576327,-6.87302514605,0.));
#3321 = DIRECTION('',(-1.,0.,0.));
#3322 = DIRECTION('',(0.,1.,0.));
#3323 = ADVANCED_FACE('',(#3324),#3342,.F.);
#3324 = FACE_BOUND('',#3325,.T.);
#3325 = EDGE_LOOP('',(#3326,#3327,#3334,#3335));
#3326 = ORIENTED_EDGE('',*,*,#3305,.T.);
#3327 = ORIENTED_EDGE('',*,*,#3328,.T.);
#3328 = EDGE_CURVE('',#3298,#3226,#3329,.T.);
#3329 = CIRCLE('',#3330,0.6);
#3330 = AXIS2_PLACEMENT_3D('',#3331,#3332,#3333);
#3331 = CARTESIAN_POINT('',(77.088163576327,-5.57302514605,    1.600050800102));
#3332 = DIRECTION('',(0.,0.,1.));
#3333 = DIRECTION('',(1.,1.110223024625E-16,-0.));
#3334 = ORIENTED_EDGE('',*,*,#3223,.F.);
#3335 = ORIENTED_EDGE('',*,*,#3336,.F.);
#3336 = EDGE_CURVE('',#3306,#3224,#3337,.T.);
#3337 = CIRCLE('',#3338,0.6);
#3338 = AXIS2_PLACEMENT_3D('',#3339,#3340,#3341);
#3339 = CARTESIAN_POINT('',(77.088163576327,-5.57302514605,0.));
#3340 = DIRECTION('',(0.,0.,1.));
#3341 = DIRECTION('',(1.,1.110223024625E-16,-0.));
#3342 = CYLINDRICAL_SURFACE('',#3343,0.6);
#3343 = AXIS2_PLACEMENT_3D('',#3344,#3345,#3346);
#3344 = CARTESIAN_POINT('',(77.088163576327,-5.57302514605,0.));
#3345 = DIRECTION('',(-0.,-0.,-1.));
#3346 = DIRECTION('',(1.,1.110223024625E-16,-0.));
#3347 = ADVANCED_FACE('',(#3348),#3382,.T.);
#3348 = FACE_BOUND('',#3349,.T.);
#3349 = EDGE_LOOP('',(#3350,#3360,#3368,#3376));
#3350 = ORIENTED_EDGE('',*,*,#3351,.T.);
#3351 = EDGE_CURVE('',#3352,#3354,#3356,.T.);
#3352 = VERTEX_POINT('',#3353);
#3353 = CARTESIAN_POINT('',(81.188163576327,-5.57302514605,0.));
#3354 = VERTEX_POINT('',#3355);
#3355 = CARTESIAN_POINT('',(81.188163576327,-5.57302514605,    1.600050800102));
#3356 = LINE('',#3357,#3358);
#3357 = CARTESIAN_POINT('',(81.188163576327,-5.57302514605,0.));
#3358 = VECTOR('',#3359,1.);
#3359 = DIRECTION('',(0.,0.,1.));
#3360 = ORIENTED_EDGE('',*,*,#3361,.T.);
#3361 = EDGE_CURVE('',#3354,#3362,#3364,.T.);
#3362 = VERTEX_POINT('',#3363);
#3363 = CARTESIAN_POINT('',(81.188163576327,-6.87302514605,    1.600050800102));
#3364 = LINE('',#3365,#3366);
#3365 = CARTESIAN_POINT('',(81.188163576327,-5.57302514605,    1.600050800102));
#3366 = VECTOR('',#3367,1.);
#3367 = DIRECTION('',(0.,-1.,0.));
#3368 = ORIENTED_EDGE('',*,*,#3369,.F.);
#3369 = EDGE_CURVE('',#3370,#3362,#3372,.T.);
#3370 = VERTEX_POINT('',#3371);
#3371 = CARTESIAN_POINT('',(81.188163576327,-6.87302514605,0.));
#3372 = LINE('',#3373,#3374);
#3373 = CARTESIAN_POINT('',(81.188163576327,-6.87302514605,0.));
#3374 = VECTOR('',#3375,1.);
#3375 = DIRECTION('',(0.,0.,1.));
#3376 = ORIENTED_EDGE('',*,*,#3377,.F.);
#3377 = EDGE_CURVE('',#3352,#3370,#3378,.T.);
#3378 = LINE('',#3379,#3380);
#3379 = CARTESIAN_POINT('',(81.188163576327,-5.57302514605,0.));
#3380 = VECTOR('',#3381,1.);
#3381 = DIRECTION('',(0.,-1.,0.));
#3382 = PLANE('',#3383);
#3383 = AXIS2_PLACEMENT_3D('',#3384,#3385,#3386);
#3384 = CARTESIAN_POINT('',(81.188163576327,-5.57302514605,0.));
#3385 = DIRECTION('',(1.,0.,-0.));
#3386 = DIRECTION('',(0.,-1.,0.));
#3387 = ADVANCED_FACE('',(#3388),#3415,.F.);
#3388 = FACE_BOUND('',#3389,.T.);
#3389 = EDGE_LOOP('',(#3390,#3391,#3400,#3408));
#3390 = ORIENTED_EDGE('',*,*,#3369,.T.);
#3391 = ORIENTED_EDGE('',*,*,#3392,.T.);
#3392 = EDGE_CURVE('',#3362,#3393,#3395,.T.);
#3393 = VERTEX_POINT('',#3394);
#3394 = CARTESIAN_POINT('',(82.388163576327,-6.87302514605,    1.600050800102));
#3395 = CIRCLE('',#3396,0.6);
#3396 = AXIS2_PLACEMENT_3D('',#3397,#3398,#3399);
#3397 = CARTESIAN_POINT('',(81.788163576327,-6.87302514605,    1.600050800102));
#3398 = DIRECTION('',(0.,0.,1.));
#3399 = DIRECTION('',(-1.,-1.110223024625E-16,0.));
#3400 = ORIENTED_EDGE('',*,*,#3401,.F.);
#3401 = EDGE_CURVE('',#3402,#3393,#3404,.T.);
#3402 = VERTEX_POINT('',#3403);
#3403 = CARTESIAN_POINT('',(82.388163576327,-6.87302514605,0.));
#3404 = LINE('',#3405,#3406);
#3405 = CARTESIAN_POINT('',(82.388163576327,-6.87302514605,0.));
#3406 = VECTOR('',#3407,1.);
#3407 = DIRECTION('',(0.,0.,1.));
#3408 = ORIENTED_EDGE('',*,*,#3409,.F.);
#3409 = EDGE_CURVE('',#3370,#3402,#3410,.T.);
#3410 = CIRCLE('',#3411,0.6);
#3411 = AXIS2_PLACEMENT_3D('',#3412,#3413,#3414);
#3412 = CARTESIAN_POINT('',(81.788163576327,-6.87302514605,0.));
#3413 = DIRECTION('',(0.,0.,1.));
#3414 = DIRECTION('',(-1.,-1.110223024625E-16,0.));
#3415 = CYLINDRICAL_SURFACE('',#3416,0.6);
#3416 = AXIS2_PLACEMENT_3D('',#3417,#3418,#3419);
#3417 = CARTESIAN_POINT('',(81.788163576327,-6.87302514605,0.));
#3418 = DIRECTION('',(-0.,-0.,-1.));
#3419 = DIRECTION('',(-1.,-1.110223024625E-16,0.));
#3420 = ADVANCED_FACE('',(#3421),#3446,.T.);
#3421 = FACE_BOUND('',#3422,.T.);
#3422 = EDGE_LOOP('',(#3423,#3424,#3432,#3440));
#3423 = ORIENTED_EDGE('',*,*,#3401,.T.);
#3424 = ORIENTED_EDGE('',*,*,#3425,.T.);
#3425 = EDGE_CURVE('',#3393,#3426,#3428,.T.);
#3426 = VERTEX_POINT('',#3427);
#3427 = CARTESIAN_POINT('',(82.388163576327,-5.57302514605,    1.600050800102));
#3428 = LINE('',#3429,#3430);
#3429 = CARTESIAN_POINT('',(82.388163576327,-6.87302514605,    1.600050800102));
#3430 = VECTOR('',#3431,1.);
#3431 = DIRECTION('',(0.,1.,0.));
#3432 = ORIENTED_EDGE('',*,*,#3433,.F.);
#3433 = EDGE_CURVE('',#3434,#3426,#3436,.T.);
#3434 = VERTEX_POINT('',#3435);
#3435 = CARTESIAN_POINT('',(82.388163576327,-5.57302514605,0.));
#3436 = LINE('',#3437,#3438);
#3437 = CARTESIAN_POINT('',(82.388163576327,-5.57302514605,0.));
#3438 = VECTOR('',#3439,1.);
#3439 = DIRECTION('',(0.,0.,1.));
#3440 = ORIENTED_EDGE('',*,*,#3441,.F.);
#3441 = EDGE_CURVE('',#3402,#3434,#3442,.T.);
#3442 = LINE('',#3443,#3444);
#3443 = CARTESIAN_POINT('',(82.388163576327,-6.87302514605,0.));
#3444 = VECTOR('',#3445,1.);
#3445 = DIRECTION('',(0.,1.,0.));
#3446 = PLANE('',#3447);
#3447 = AXIS2_PLACEMENT_3D('',#3448,#3449,#3450);
#3448 = CARTESIAN_POINT('',(82.388163576327,-6.87302514605,0.));
#3449 = DIRECTION('',(-1.,0.,0.));
#3450 = DIRECTION('',(0.,1.,0.));
#3451 = ADVANCED_FACE('',(#3452),#3470,.F.);
#3452 = FACE_BOUND('',#3453,.T.);
#3453 = EDGE_LOOP('',(#3454,#3455,#3462,#3463));
#3454 = ORIENTED_EDGE('',*,*,#3433,.T.);
#3455 = ORIENTED_EDGE('',*,*,#3456,.T.);
#3456 = EDGE_CURVE('',#3426,#3354,#3457,.T.);
#3457 = CIRCLE('',#3458,0.6);
#3458 = AXIS2_PLACEMENT_3D('',#3459,#3460,#3461);
#3459 = CARTESIAN_POINT('',(81.788163576327,-5.57302514605,    1.600050800102));
#3460 = DIRECTION('',(0.,0.,1.));
#3461 = DIRECTION('',(1.,1.110223024625E-16,-0.));
#3462 = ORIENTED_EDGE('',*,*,#3351,.F.);
#3463 = ORIENTED_EDGE('',*,*,#3464,.F.);
#3464 = EDGE_CURVE('',#3434,#3352,#3465,.T.);
#3465 = CIRCLE('',#3466,0.6);
#3466 = AXIS2_PLACEMENT_3D('',#3467,#3468,#3469);
#3467 = CARTESIAN_POINT('',(81.788163576327,-5.57302514605,0.));
#3468 = DIRECTION('',(0.,0.,1.));
#3469 = DIRECTION('',(1.,1.110223024625E-16,-0.));
#3470 = CYLINDRICAL_SURFACE('',#3471,0.6);
#3471 = AXIS2_PLACEMENT_3D('',#3472,#3473,#3474);
#3472 = CARTESIAN_POINT('',(81.788163576327,-5.57302514605,0.));
#3473 = DIRECTION('',(-0.,-0.,-1.));
#3474 = DIRECTION('',(1.,1.110223024625E-16,-0.));
#3475 = ADVANCED_FACE('',(#3476),#3510,.T.);
#3476 = FACE_BOUND('',#3477,.T.);
#3477 = EDGE_LOOP('',(#3478,#3488,#3496,#3504));
#3478 = ORIENTED_EDGE('',*,*,#3479,.T.);
#3479 = EDGE_CURVE('',#3480,#3482,#3484,.T.);
#3480 = VERTEX_POINT('',#3481);
#3481 = CARTESIAN_POINT('',(85.888163576327,-5.57302514605,0.));
#3482 = VERTEX_POINT('',#3483);
#3483 = CARTESIAN_POINT('',(85.888163576327,-5.57302514605,    1.600050800102));
#3484 = LINE('',#3485,#3486);
#3485 = CARTESIAN_POINT('',(85.888163576327,-5.57302514605,0.));
#3486 = VECTOR('',#3487,1.);
#3487 = DIRECTION('',(0.,0.,1.));
#3488 = ORIENTED_EDGE('',*,*,#3489,.T.);
#3489 = EDGE_CURVE('',#3482,#3490,#3492,.T.);
#3490 = VERTEX_POINT('',#3491);
#3491 = CARTESIAN_POINT('',(85.888163576327,-6.87302514605,    1.600050800102));
#3492 = LINE('',#3493,#3494);
#3493 = CARTESIAN_POINT('',(85.888163576327,-5.57302514605,    1.600050800102));
#3494 = VECTOR('',#3495,1.);
#3495 = DIRECTION('',(0.,-1.,0.));
#3496 = ORIENTED_EDGE('',*,*,#3497,.F.);
#3497 = EDGE_CURVE('',#3498,#3490,#3500,.T.);
#3498 = VERTEX_POINT('',#3499);
#3499 = CARTESIAN_POINT('',(85.888163576327,-6.87302514605,0.));
#3500 = LINE('',#3501,#3502);
#3501 = CARTESIAN_POINT('',(85.888163576327,-6.87302514605,0.));
#3502 = VECTOR('',#3503,1.);
#3503 = DIRECTION('',(0.,0.,1.));
#3504 = ORIENTED_EDGE('',*,*,#3505,.F.);
#3505 = EDGE_CURVE('',#3480,#3498,#3506,.T.);
#3506 = LINE('',#3507,#3508);
#3507 = CARTESIAN_POINT('',(85.888163576327,-5.57302514605,0.));
#3508 = VECTOR('',#3509,1.);
#3509 = DIRECTION('',(0.,-1.,0.));
#3510 = PLANE('',#3511);
#3511 = AXIS2_PLACEMENT_3D('',#3512,#3513,#3514);
#3512 = CARTESIAN_POINT('',(85.888163576327,-5.57302514605,0.));
#3513 = DIRECTION('',(1.,0.,-0.));
#3514 = DIRECTION('',(0.,-1.,0.));
#3515 = ADVANCED_FACE('',(#3516),#3543,.F.);
#3516 = FACE_BOUND('',#3517,.T.);
#3517 = EDGE_LOOP('',(#3518,#3519,#3528,#3536));
#3518 = ORIENTED_EDGE('',*,*,#3497,.T.);
#3519 = ORIENTED_EDGE('',*,*,#3520,.T.);
#3520 = EDGE_CURVE('',#3490,#3521,#3523,.T.);
#3521 = VERTEX_POINT('',#3522);
#3522 = CARTESIAN_POINT('',(87.088163576327,-6.87302514605,    1.600050800102));
#3523 = CIRCLE('',#3524,0.6);
#3524 = AXIS2_PLACEMENT_3D('',#3525,#3526,#3527);
#3525 = CARTESIAN_POINT('',(86.488163576327,-6.87302514605,    1.600050800102));
#3526 = DIRECTION('',(0.,0.,1.));
#3527 = DIRECTION('',(-1.,-1.110223024625E-16,0.));
#3528 = ORIENTED_EDGE('',*,*,#3529,.F.);
#3529 = EDGE_CURVE('',#3530,#3521,#3532,.T.);
#3530 = VERTEX_POINT('',#3531);
#3531 = CARTESIAN_POINT('',(87.088163576327,-6.87302514605,0.));
#3532 = LINE('',#3533,#3534);
#3533 = CARTESIAN_POINT('',(87.088163576327,-6.87302514605,0.));
#3534 = VECTOR('',#3535,1.);
#3535 = DIRECTION('',(0.,0.,1.));
#3536 = ORIENTED_EDGE('',*,*,#3537,.F.);
#3537 = EDGE_CURVE('',#3498,#3530,#3538,.T.);
#3538 = CIRCLE('',#3539,0.6);
#3539 = AXIS2_PLACEMENT_3D('',#3540,#3541,#3542);
#3540 = CARTESIAN_POINT('',(86.488163576327,-6.87302514605,0.));
#3541 = DIRECTION('',(0.,0.,1.));
#3542 = DIRECTION('',(-1.,-1.110223024625E-16,0.));
#3543 = CYLINDRICAL_SURFACE('',#3544,0.6);
#3544 = AXIS2_PLACEMENT_3D('',#3545,#3546,#3547);
#3545 = CARTESIAN_POINT('',(86.488163576327,-6.87302514605,0.));
#3546 = DIRECTION('',(-0.,-0.,-1.));
#3547 = DIRECTION('',(-1.,-1.110223024625E-16,0.));
#3548 = ADVANCED_FACE('',(#3549),#3574,.T.);
#3549 = FACE_BOUND('',#3550,.T.);
#3550 = EDGE_LOOP('',(#3551,#3552,#3560,#3568));
#3551 = ORIENTED_EDGE('',*,*,#3529,.T.);
#3552 = ORIENTED_EDGE('',*,*,#3553,.T.);
#3553 = EDGE_CURVE('',#3521,#3554,#3556,.T.);
#3554 = VERTEX_POINT('',#3555);
#3555 = CARTESIAN_POINT('',(87.088163576327,-5.57302514605,    1.600050800102));
#3556 = LINE('',#3557,#3558);
#3557 = CARTESIAN_POINT('',(87.088163576327,-6.87302514605,    1.600050800102));
#3558 = VECTOR('',#3559,1.);
#3559 = DIRECTION('',(0.,1.,0.));
#3560 = ORIENTED_EDGE('',*,*,#3561,.F.);
#3561 = EDGE_CURVE('',#3562,#3554,#3564,.T.);
#3562 = VERTEX_POINT('',#3563);
#3563 = CARTESIAN_POINT('',(87.088163576327,-5.57302514605,0.));
#3564 = LINE('',#3565,#3566);
#3565 = CARTESIAN_POINT('',(87.088163576327,-5.57302514605,0.));
#3566 = VECTOR('',#3567,1.);
#3567 = DIRECTION('',(0.,0.,1.));
#3568 = ORIENTED_EDGE('',*,*,#3569,.F.);
#3569 = EDGE_CURVE('',#3530,#3562,#3570,.T.);
#3570 = LINE('',#3571,#3572);
#3571 = CARTESIAN_POINT('',(87.088163576327,-6.87302514605,0.));
#3572 = VECTOR('',#3573,1.);
#3573 = DIRECTION('',(0.,1.,0.));
#3574 = PLANE('',#3575);
#3575 = AXIS2_PLACEMENT_3D('',#3576,#3577,#3578);
#3576 = CARTESIAN_POINT('',(87.088163576327,-6.87302514605,0.));
#3577 = DIRECTION('',(-1.,0.,0.));
#3578 = DIRECTION('',(0.,1.,0.));
#3579 = ADVANCED_FACE('',(#3580),#3598,.F.);
#3580 = FACE_BOUND('',#3581,.T.);
#3581 = EDGE_LOOP('',(#3582,#3583,#3590,#3591));
#3582 = ORIENTED_EDGE('',*,*,#3561,.T.);
#3583 = ORIENTED_EDGE('',*,*,#3584,.T.);
#3584 = EDGE_CURVE('',#3554,#3482,#3585,.T.);
#3585 = CIRCLE('',#3586,0.6);
#3586 = AXIS2_PLACEMENT_3D('',#3587,#3588,#3589);
#3587 = CARTESIAN_POINT('',(86.488163576327,-5.57302514605,    1.600050800102));
#3588 = DIRECTION('',(0.,0.,1.));
#3589 = DIRECTION('',(1.,1.110223024625E-16,-0.));
#3590 = ORIENTED_EDGE('',*,*,#3479,.F.);
#3591 = ORIENTED_EDGE('',*,*,#3592,.F.);
#3592 = EDGE_CURVE('',#3562,#3480,#3593,.T.);
#3593 = CIRCLE('',#3594,0.6);
#3594 = AXIS2_PLACEMENT_3D('',#3595,#3596,#3597);
#3595 = CARTESIAN_POINT('',(86.488163576327,-5.57302514605,0.));
#3596 = DIRECTION('',(0.,0.,1.));
#3597 = DIRECTION('',(1.,1.110223024625E-16,-0.));
#3598 = CYLINDRICAL_SURFACE('',#3599,0.6);
#3599 = AXIS2_PLACEMENT_3D('',#3600,#3601,#3602);
#3600 = CARTESIAN_POINT('',(86.488163576327,-5.57302514605,0.));
#3601 = DIRECTION('',(-0.,-0.,-1.));
#3602 = DIRECTION('',(1.,1.110223024625E-16,-0.));
#3603 = ADVANCED_FACE('',(#3604),#3640,.F.);
#3604 = FACE_BOUND('',#3605,.T.);
#3605 = EDGE_LOOP('',(#3606,#3616,#3625,#3633));
#3606 = ORIENTED_EDGE('',*,*,#3607,.T.);
#3607 = EDGE_CURVE('',#3608,#3610,#3612,.T.);
#3608 = VERTEX_POINT('',#3609);
#3609 = CARTESIAN_POINT('',(93.387198374397,-8.636017272035,0.));
#3610 = VERTEX_POINT('',#3611);
#3611 = CARTESIAN_POINT('',(93.387198374397,-8.636017272035,    1.600050800102));
#3612 = LINE('',#3613,#3614);
#3613 = CARTESIAN_POINT('',(93.387198374397,-8.636017272035,0.));
#3614 = VECTOR('',#3615,1.);
#3615 = DIRECTION('',(0.,0.,1.));
#3616 = ORIENTED_EDGE('',*,*,#3617,.T.);
#3617 = EDGE_CURVE('',#3610,#3618,#3620,.T.);
#3618 = VERTEX_POINT('',#3619);
#3619 = CARTESIAN_POINT('',(92.287172974346,-8.636017272035,    1.600050800102));
#3620 = CIRCLE('',#3621,0.550012700025);
#3621 = AXIS2_PLACEMENT_3D('',#3622,#3623,#3624);
#3622 = CARTESIAN_POINT('',(92.837185674371,-8.636017272035,    1.600050800102));
#3623 = DIRECTION('',(0.,0.,1.));
#3624 = DIRECTION('',(1.,1.110223024625E-16,-0.));
#3625 = ORIENTED_EDGE('',*,*,#3626,.F.);
#3626 = EDGE_CURVE('',#3627,#3618,#3629,.T.);
#3627 = VERTEX_POINT('',#3628);
#3628 = CARTESIAN_POINT('',(92.287172974346,-8.636017272035,0.));
#3629 = LINE('',#3630,#3631);
#3630 = CARTESIAN_POINT('',(92.287172974346,-8.636017272035,0.));
#3631 = VECTOR('',#3632,1.);
#3632 = DIRECTION('',(0.,0.,1.));
#3633 = ORIENTED_EDGE('',*,*,#3634,.F.);
#3634 = EDGE_CURVE('',#3608,#3627,#3635,.T.);
#3635 = CIRCLE('',#3636,0.550012700025);
#3636 = AXIS2_PLACEMENT_3D('',#3637,#3638,#3639);
#3637 = CARTESIAN_POINT('',(92.837185674371,-8.636017272035,0.));
#3638 = DIRECTION('',(0.,0.,1.));
#3639 = DIRECTION('',(1.,1.110223024625E-16,-0.));
#3640 = CYLINDRICAL_SURFACE('',#3641,0.550012700025);
#3641 = AXIS2_PLACEMENT_3D('',#3642,#3643,#3644);
#3642 = CARTESIAN_POINT('',(92.837185674371,-8.636017272035,0.));
#3643 = DIRECTION('',(-0.,-0.,-1.));
#3644 = DIRECTION('',(1.,1.110223024625E-16,-0.));
#3645 = ADVANCED_FACE('',(#3646),#3664,.F.);
#3646 = FACE_BOUND('',#3647,.T.);
#3647 = EDGE_LOOP('',(#3648,#3649,#3656,#3657));
#3648 = ORIENTED_EDGE('',*,*,#3626,.T.);
#3649 = ORIENTED_EDGE('',*,*,#3650,.T.);
#3650 = EDGE_CURVE('',#3618,#3610,#3651,.T.);
#3651 = CIRCLE('',#3652,0.550012700025);
#3652 = AXIS2_PLACEMENT_3D('',#3653,#3654,#3655);
#3653 = CARTESIAN_POINT('',(92.837185674371,-8.636017272035,    1.600050800102));
#3654 = DIRECTION('',(0.,0.,1.));
#3655 = DIRECTION('',(-1.,-1.110223024625E-16,0.));
#3656 = ORIENTED_EDGE('',*,*,#3607,.F.);
#3657 = ORIENTED_EDGE('',*,*,#3658,.F.);
#3658 = EDGE_CURVE('',#3627,#3608,#3659,.T.);
#3659 = CIRCLE('',#3660,0.550012700025);
#3660 = AXIS2_PLACEMENT_3D('',#3661,#3662,#3663);
#3661 = CARTESIAN_POINT('',(92.837185674371,-8.636017272035,0.));
#3662 = DIRECTION('',(0.,0.,1.));
#3663 = DIRECTION('',(-1.,-1.110223024625E-16,0.));
#3664 = CYLINDRICAL_SURFACE('',#3665,0.550012700025);
#3665 = AXIS2_PLACEMENT_3D('',#3666,#3667,#3668);
#3666 = CARTESIAN_POINT('',(92.837185674371,-8.636017272035,0.));
#3667 = DIRECTION('',(-0.,-0.,-1.));
#3668 = DIRECTION('',(-1.,-1.110223024625E-16,0.));
#3669 = ADVANCED_FACE('',(#3670),#3706,.F.);
#3670 = FACE_BOUND('',#3671,.T.);
#3671 = EDGE_LOOP('',(#3672,#3682,#3691,#3699));
#3672 = ORIENTED_EDGE('',*,*,#3673,.T.);
#3673 = EDGE_CURVE('',#3674,#3676,#3678,.T.);
#3674 = VERTEX_POINT('',#3675);
#3675 = CARTESIAN_POINT('',(93.387198374397,-11.17602235204,0.));
#3676 = VERTEX_POINT('',#3677);
#3677 = CARTESIAN_POINT('',(93.387198374397,-11.17602235204,    1.600050800102));
#3678 = LINE('',#3679,#3680);
#3679 = CARTESIAN_POINT('',(93.387198374397,-11.17602235204,0.));
#3680 = VECTOR('',#3681,1.);
#3681 = DIRECTION('',(0.,0.,1.));
#3682 = ORIENTED_EDGE('',*,*,#3683,.T.);
#3683 = EDGE_CURVE('',#3676,#3684,#3686,.T.);
#3684 = VERTEX_POINT('',#3685);
#3685 = CARTESIAN_POINT('',(92.287172974346,-11.17602235204,    1.600050800102));
#3686 = CIRCLE('',#3687,0.550012700025);
#3687 = AXIS2_PLACEMENT_3D('',#3688,#3689,#3690);
#3688 = CARTESIAN_POINT('',(92.837185674371,-11.17602235204,    1.600050800102));
#3689 = DIRECTION('',(0.,0.,1.));
#3690 = DIRECTION('',(1.,1.110223024625E-16,-0.));
#3691 = ORIENTED_EDGE('',*,*,#3692,.F.);
#3692 = EDGE_CURVE('',#3693,#3684,#3695,.T.);
#3693 = VERTEX_POINT('',#3694);
#3694 = CARTESIAN_POINT('',(92.287172974346,-11.17602235204,0.));
#3695 = LINE('',#3696,#3697);
#3696 = CARTESIAN_POINT('',(92.287172974346,-11.17602235204,0.));
#3697 = VECTOR('',#3698,1.);
#3698 = DIRECTION('',(0.,0.,1.));
#3699 = ORIENTED_EDGE('',*,*,#3700,.F.);
#3700 = EDGE_CURVE('',#3674,#3693,#3701,.T.);
#3701 = CIRCLE('',#3702,0.550012700025);
#3702 = AXIS2_PLACEMENT_3D('',#3703,#3704,#3705);
#3703 = CARTESIAN_POINT('',(92.837185674371,-11.17602235204,0.));
#3704 = DIRECTION('',(0.,0.,1.));
#3705 = DIRECTION('',(1.,1.110223024625E-16,-0.));
#3706 = CYLINDRICAL_SURFACE('',#3707,0.550012700025);
#3707 = AXIS2_PLACEMENT_3D('',#3708,#3709,#3710);
#3708 = CARTESIAN_POINT('',(92.837185674371,-11.17602235204,0.));
#3709 = DIRECTION('',(-0.,-0.,-1.));
#3710 = DIRECTION('',(1.,1.110223024625E-16,-0.));
#3711 = ADVANCED_FACE('',(#3712),#3730,.F.);
#3712 = FACE_BOUND('',#3713,.T.);
#3713 = EDGE_LOOP('',(#3714,#3715,#3722,#3723));
#3714 = ORIENTED_EDGE('',*,*,#3692,.T.);
#3715 = ORIENTED_EDGE('',*,*,#3716,.T.);
#3716 = EDGE_CURVE('',#3684,#3676,#3717,.T.);
#3717 = CIRCLE('',#3718,0.550012700025);
#3718 = AXIS2_PLACEMENT_3D('',#3719,#3720,#3721);
#3719 = CARTESIAN_POINT('',(92.837185674371,-11.17602235204,    1.600050800102));
#3720 = DIRECTION('',(0.,0.,1.));
#3721 = DIRECTION('',(-1.,-1.110223024625E-16,0.));
#3722 = ORIENTED_EDGE('',*,*,#3673,.F.);
#3723 = ORIENTED_EDGE('',*,*,#3724,.F.);
#3724 = EDGE_CURVE('',#3693,#3674,#3725,.T.);
#3725 = CIRCLE('',#3726,0.550012700025);
#3726 = AXIS2_PLACEMENT_3D('',#3727,#3728,#3729);
#3727 = CARTESIAN_POINT('',(92.837185674371,-11.17602235204,0.));
#3728 = DIRECTION('',(0.,0.,1.));
#3729 = DIRECTION('',(-1.,-1.110223024625E-16,0.));
#3730 = CYLINDRICAL_SURFACE('',#3731,0.550012700025);
#3731 = AXIS2_PLACEMENT_3D('',#3732,#3733,#3734);
#3732 = CARTESIAN_POINT('',(92.837185674371,-11.17602235204,0.));
#3733 = DIRECTION('',(-0.,-0.,-1.));
#3734 = DIRECTION('',(-1.,-1.110223024625E-16,0.));
#3735 = ADVANCED_FACE('',(#3736),#3772,.F.);
#3736 = FACE_BOUND('',#3737,.T.);
#3737 = EDGE_LOOP('',(#3738,#3748,#3757,#3765));
#3738 = ORIENTED_EDGE('',*,*,#3739,.T.);
#3739 = EDGE_CURVE('',#3740,#3742,#3744,.T.);
#3740 = VERTEX_POINT('',#3741);
#3741 = CARTESIAN_POINT('',(93.387198374397,-13.71602743205,0.));
#3742 = VERTEX_POINT('',#3743);
#3743 = CARTESIAN_POINT('',(93.387198374397,-13.71602743205,    1.600050800102));
#3744 = LINE('',#3745,#3746);
#3745 = CARTESIAN_POINT('',(93.387198374397,-13.71602743205,0.));
#3746 = VECTOR('',#3747,1.);
#3747 = DIRECTION('',(0.,0.,1.));
#3748 = ORIENTED_EDGE('',*,*,#3749,.T.);
#3749 = EDGE_CURVE('',#3742,#3750,#3752,.T.);
#3750 = VERTEX_POINT('',#3751);
#3751 = CARTESIAN_POINT('',(92.287172974346,-13.71602743205,    1.600050800102));
#3752 = CIRCLE('',#3753,0.550012700025);
#3753 = AXIS2_PLACEMENT_3D('',#3754,#3755,#3756);
#3754 = CARTESIAN_POINT('',(92.837185674371,-13.71602743205,    1.600050800102));
#3755 = DIRECTION('',(0.,0.,1.));
#3756 = DIRECTION('',(1.,1.110223024625E-16,-0.));
#3757 = ORIENTED_EDGE('',*,*,#3758,.F.);
#3758 = EDGE_CURVE('',#3759,#3750,#3761,.T.);
#3759 = VERTEX_POINT('',#3760);
#3760 = CARTESIAN_POINT('',(92.287172974346,-13.71602743205,0.));
#3761 = LINE('',#3762,#3763);
#3762 = CARTESIAN_POINT('',(92.287172974346,-13.71602743205,0.));
#3763 = VECTOR('',#3764,1.);
#3764 = DIRECTION('',(0.,0.,1.));
#3765 = ORIENTED_EDGE('',*,*,#3766,.F.);
#3766 = EDGE_CURVE('',#3740,#3759,#3767,.T.);
#3767 = CIRCLE('',#3768,0.550012700025);
#3768 = AXIS2_PLACEMENT_3D('',#3769,#3770,#3771);
#3769 = CARTESIAN_POINT('',(92.837185674371,-13.71602743205,0.));
#3770 = DIRECTION('',(0.,0.,1.));
#3771 = DIRECTION('',(1.,1.110223024625E-16,-0.));
#3772 = CYLINDRICAL_SURFACE('',#3773,0.550012700025);
#3773 = AXIS2_PLACEMENT_3D('',#3774,#3775,#3776);
#3774 = CARTESIAN_POINT('',(92.837185674371,-13.71602743205,0.));
#3775 = DIRECTION('',(-0.,-0.,-1.));
#3776 = DIRECTION('',(1.,1.110223024625E-16,-0.));
#3777 = ADVANCED_FACE('',(#3778),#3796,.F.);
#3778 = FACE_BOUND('',#3779,.T.);
#3779 = EDGE_LOOP('',(#3780,#3781,#3788,#3789));
#3780 = ORIENTED_EDGE('',*,*,#3758,.T.);
#3781 = ORIENTED_EDGE('',*,*,#3782,.T.);
#3782 = EDGE_CURVE('',#3750,#3742,#3783,.T.);
#3783 = CIRCLE('',#3784,0.550012700025);
#3784 = AXIS2_PLACEMENT_3D('',#3785,#3786,#3787);
#3785 = CARTESIAN_POINT('',(92.837185674371,-13.71602743205,    1.600050800102));
#3786 = DIRECTION('',(0.,0.,1.));
#3787 = DIRECTION('',(-1.,-1.110223024625E-16,0.));
#3788 = ORIENTED_EDGE('',*,*,#3739,.F.);
#3789 = ORIENTED_EDGE('',*,*,#3790,.F.);
#3790 = EDGE_CURVE('',#3759,#3740,#3791,.T.);
#3791 = CIRCLE('',#3792,0.550012700025);
#3792 = AXIS2_PLACEMENT_3D('',#3793,#3794,#3795);
#3793 = CARTESIAN_POINT('',(92.837185674371,-13.71602743205,0.));
#3794 = DIRECTION('',(0.,0.,1.));
#3795 = DIRECTION('',(-1.,-1.110223024625E-16,0.));
#3796 = CYLINDRICAL_SURFACE('',#3797,0.550012700025);
#3797 = AXIS2_PLACEMENT_3D('',#3798,#3799,#3800);
#3798 = CARTESIAN_POINT('',(92.837185674371,-13.71602743205,0.));
#3799 = DIRECTION('',(-0.,-0.,-1.));
#3800 = DIRECTION('',(-1.,-1.110223024625E-16,0.));
#3801 = ADVANCED_FACE('',(#3802),#3838,.F.);
#3802 = FACE_BOUND('',#3803,.T.);
#3803 = EDGE_LOOP('',(#3804,#3814,#3823,#3831));
#3804 = ORIENTED_EDGE('',*,*,#3805,.T.);
#3805 = EDGE_CURVE('',#3806,#3808,#3810,.T.);
#3806 = VERTEX_POINT('',#3807);
#3807 = CARTESIAN_POINT('',(93.387198374397,-16.25603251206,0.));
#3808 = VERTEX_POINT('',#3809);
#3809 = CARTESIAN_POINT('',(93.387198374397,-16.25603251206,    1.600050800102));
#3810 = LINE('',#3811,#3812);
#3811 = CARTESIAN_POINT('',(93.387198374397,-16.25603251206,0.));
#3812 = VECTOR('',#3813,1.);
#3813 = DIRECTION('',(0.,0.,1.));
#3814 = ORIENTED_EDGE('',*,*,#3815,.T.);
#3815 = EDGE_CURVE('',#3808,#3816,#3818,.T.);
#3816 = VERTEX_POINT('',#3817);
#3817 = CARTESIAN_POINT('',(92.287172974346,-16.25603251206,    1.600050800102));
#3818 = CIRCLE('',#3819,0.550012700025);
#3819 = AXIS2_PLACEMENT_3D('',#3820,#3821,#3822);
#3820 = CARTESIAN_POINT('',(92.837185674371,-16.25603251206,    1.600050800102));
#3821 = DIRECTION('',(0.,0.,1.));
#3822 = DIRECTION('',(1.,1.110223024625E-16,-0.));
#3823 = ORIENTED_EDGE('',*,*,#3824,.F.);
#3824 = EDGE_CURVE('',#3825,#3816,#3827,.T.);
#3825 = VERTEX_POINT('',#3826);
#3826 = CARTESIAN_POINT('',(92.287172974346,-16.25603251206,0.));
#3827 = LINE('',#3828,#3829);
#3828 = CARTESIAN_POINT('',(92.287172974346,-16.25603251206,0.));
#3829 = VECTOR('',#3830,1.);
#3830 = DIRECTION('',(0.,0.,1.));
#3831 = ORIENTED_EDGE('',*,*,#3832,.F.);
#3832 = EDGE_CURVE('',#3806,#3825,#3833,.T.);
#3833 = CIRCLE('',#3834,0.550012700025);
#3834 = AXIS2_PLACEMENT_3D('',#3835,#3836,#3837);
#3835 = CARTESIAN_POINT('',(92.837185674371,-16.25603251206,0.));
#3836 = DIRECTION('',(0.,0.,1.));
#3837 = DIRECTION('',(1.,1.110223024625E-16,-0.));
#3838 = CYLINDRICAL_SURFACE('',#3839,0.550012700025);
#3839 = AXIS2_PLACEMENT_3D('',#3840,#3841,#3842);
#3840 = CARTESIAN_POINT('',(92.837185674371,-16.25603251206,0.));
#3841 = DIRECTION('',(-0.,-0.,-1.));
#3842 = DIRECTION('',(1.,1.110223024625E-16,-0.));
#3843 = ADVANCED_FACE('',(#3844),#3862,.F.);
#3844 = FACE_BOUND('',#3845,.T.);
#3845 = EDGE_LOOP('',(#3846,#3847,#3854,#3855));
#3846 = ORIENTED_EDGE('',*,*,#3824,.T.);
#3847 = ORIENTED_EDGE('',*,*,#3848,.T.);
#3848 = EDGE_CURVE('',#3816,#3808,#3849,.T.);
#3849 = CIRCLE('',#3850,0.550012700025);
#3850 = AXIS2_PLACEMENT_3D('',#3851,#3852,#3853);
#3851 = CARTESIAN_POINT('',(92.837185674371,-16.25603251206,    1.600050800102));
#3852 = DIRECTION('',(0.,0.,1.));
#3853 = DIRECTION('',(-1.,-1.110223024625E-16,0.));
#3854 = ORIENTED_EDGE('',*,*,#3805,.F.);
#3855 = ORIENTED_EDGE('',*,*,#3856,.F.);
#3856 = EDGE_CURVE('',#3825,#3806,#3857,.T.);
#3857 = CIRCLE('',#3858,0.550012700025);
#3858 = AXIS2_PLACEMENT_3D('',#3859,#3860,#3861);
#3859 = CARTESIAN_POINT('',(92.837185674371,-16.25603251206,0.));
#3860 = DIRECTION('',(0.,0.,1.));
#3861 = DIRECTION('',(-1.,-1.110223024625E-16,0.));
#3862 = CYLINDRICAL_SURFACE('',#3863,0.550012700025);
#3863 = AXIS2_PLACEMENT_3D('',#3864,#3865,#3866);
#3864 = CARTESIAN_POINT('',(92.837185674371,-16.25603251206,0.));
#3865 = DIRECTION('',(-0.,-0.,-1.));
#3866 = DIRECTION('',(-1.,-1.110223024625E-16,0.));
#3867 = ADVANCED_FACE('',(#3868),#3904,.F.);
#3868 = FACE_BOUND('',#3869,.T.);
#3869 = EDGE_LOOP('',(#3870,#3880,#3889,#3897));
#3870 = ORIENTED_EDGE('',*,*,#3871,.T.);
#3871 = EDGE_CURVE('',#3872,#3874,#3876,.T.);
#3872 = VERTEX_POINT('',#3873);
#3873 = CARTESIAN_POINT('',(98.500867411735,-46.8267030734,0.));
#3874 = VERTEX_POINT('',#3875);
#3875 = CARTESIAN_POINT('',(98.500867411735,-46.8267030734,    1.600050800102));
#3876 = LINE('',#3877,#3878);
#3877 = CARTESIAN_POINT('',(98.500867411735,-46.8267030734,0.));
#3878 = VECTOR('',#3879,1.);
#3879 = DIRECTION('',(0.,0.,1.));
#3880 = ORIENTED_EDGE('',*,*,#3881,.T.);
#3881 = EDGE_CURVE('',#3874,#3882,#3884,.T.);
#3882 = VERTEX_POINT('',#3883);
#3883 = CARTESIAN_POINT('',(95.30085979172,-46.8267030734,1.600050800102    ));
#3884 = CIRCLE('',#3885,1.600003810008);
#3885 = AXIS2_PLACEMENT_3D('',#3886,#3887,#3888);
#3886 = CARTESIAN_POINT('',(96.900863601727,-46.8267030734,    1.600050800102));
#3887 = DIRECTION('',(0.,0.,1.));
#3888 = DIRECTION('',(1.,1.110223024625E-16,-0.));
#3889 = ORIENTED_EDGE('',*,*,#3890,.F.);
#3890 = EDGE_CURVE('',#3891,#3882,#3893,.T.);
#3891 = VERTEX_POINT('',#3892);
#3892 = CARTESIAN_POINT('',(95.30085979172,-46.8267030734,0.));
#3893 = LINE('',#3894,#3895);
#3894 = CARTESIAN_POINT('',(95.30085979172,-46.8267030734,0.));
#3895 = VECTOR('',#3896,1.);
#3896 = DIRECTION('',(0.,0.,1.));
#3897 = ORIENTED_EDGE('',*,*,#3898,.F.);
#3898 = EDGE_CURVE('',#3872,#3891,#3899,.T.);
#3899 = CIRCLE('',#3900,1.600003810008);
#3900 = AXIS2_PLACEMENT_3D('',#3901,#3902,#3903);
#3901 = CARTESIAN_POINT('',(96.900863601727,-46.8267030734,0.));
#3902 = DIRECTION('',(0.,0.,1.));
#3903 = DIRECTION('',(1.,1.110223024625E-16,-0.));
#3904 = CYLINDRICAL_SURFACE('',#3905,1.600003810008);
#3905 = AXIS2_PLACEMENT_3D('',#3906,#3907,#3908);
#3906 = CARTESIAN_POINT('',(96.900863601727,-46.8267030734,0.));
#3907 = DIRECTION('',(-0.,-0.,-1.));
#3908 = DIRECTION('',(1.,1.110223024625E-16,-0.));
#3909 = ADVANCED_FACE('',(#3910),#3928,.F.);
#3910 = FACE_BOUND('',#3911,.T.);
#3911 = EDGE_LOOP('',(#3912,#3913,#3920,#3921));
#3912 = ORIENTED_EDGE('',*,*,#3890,.T.);
#3913 = ORIENTED_EDGE('',*,*,#3914,.T.);
#3914 = EDGE_CURVE('',#3882,#3874,#3915,.T.);
#3915 = CIRCLE('',#3916,1.600003810008);
#3916 = AXIS2_PLACEMENT_3D('',#3917,#3918,#3919);
#3917 = CARTESIAN_POINT('',(96.900863601727,-46.8267030734,    1.600050800102));
#3918 = DIRECTION('',(0.,0.,1.));
#3919 = DIRECTION('',(-1.,-1.110223024625E-16,0.));
#3920 = ORIENTED_EDGE('',*,*,#3871,.F.);
#3921 = ORIENTED_EDGE('',*,*,#3922,.F.);
#3922 = EDGE_CURVE('',#3891,#3872,#3923,.T.);
#3923 = CIRCLE('',#3924,1.600003810008);
#3924 = AXIS2_PLACEMENT_3D('',#3925,#3926,#3927);
#3925 = CARTESIAN_POINT('',(96.900863601727,-46.8267030734,0.));
#3926 = DIRECTION('',(0.,0.,1.));
#3927 = DIRECTION('',(-1.,-1.110223024625E-16,0.));
#3928 = CYLINDRICAL_SURFACE('',#3929,1.600003810008);
#3929 = AXIS2_PLACEMENT_3D('',#3930,#3931,#3932);
#3930 = CARTESIAN_POINT('',(96.900863601727,-46.8267030734,0.));
#3931 = DIRECTION('',(-0.,-0.,-1.));
#3932 = DIRECTION('',(-1.,-1.110223024625E-16,0.));
#3933 = ADVANCED_FACE('',(#3934),#3970,.F.);
#3934 = FACE_BOUND('',#3935,.T.);
#3935 = EDGE_LOOP('',(#3936,#3946,#3955,#3963));
#3936 = ORIENTED_EDGE('',*,*,#3937,.T.);
#3937 = EDGE_CURVE('',#3938,#3940,#3942,.T.);
#3938 = VERTEX_POINT('',#3939);
#3939 = CARTESIAN_POINT('',(98.501197612395,-3.175006350013,0.));
#3940 = VERTEX_POINT('',#3941);
#3941 = CARTESIAN_POINT('',(98.501197612395,-3.175006350013,    1.600050800102));
#3942 = LINE('',#3943,#3944);
#3943 = CARTESIAN_POINT('',(98.501197612395,-3.175006350013,0.));
#3944 = VECTOR('',#3945,1.);
#3945 = DIRECTION('',(0.,0.,1.));
#3946 = ORIENTED_EDGE('',*,*,#3947,.T.);
#3947 = EDGE_CURVE('',#3940,#3948,#3950,.T.);
#3948 = VERTEX_POINT('',#3949);
#3949 = CARTESIAN_POINT('',(95.30118999238,-3.175006350013,    1.600050800102));
#3950 = CIRCLE('',#3951,1.600003810008);
#3951 = AXIS2_PLACEMENT_3D('',#3952,#3953,#3954);
#3952 = CARTESIAN_POINT('',(96.901193802388,-3.175006350013,    1.600050800102));
#3953 = DIRECTION('',(0.,0.,1.));
#3954 = DIRECTION('',(1.,1.110223024625E-16,-0.));
#3955 = ORIENTED_EDGE('',*,*,#3956,.F.);
#3956 = EDGE_CURVE('',#3957,#3948,#3959,.T.);
#3957 = VERTEX_POINT('',#3958);
#3958 = CARTESIAN_POINT('',(95.30118999238,-3.175006350013,0.));
#3959 = LINE('',#3960,#3961);
#3960 = CARTESIAN_POINT('',(95.30118999238,-3.175006350013,0.));
#3961 = VECTOR('',#3962,1.);
#3962 = DIRECTION('',(0.,0.,1.));
#3963 = ORIENTED_EDGE('',*,*,#3964,.F.);
#3964 = EDGE_CURVE('',#3938,#3957,#3965,.T.);
#3965 = CIRCLE('',#3966,1.600003810008);
#3966 = AXIS2_PLACEMENT_3D('',#3967,#3968,#3969);
#3967 = CARTESIAN_POINT('',(96.901193802388,-3.175006350013,0.));
#3968 = DIRECTION('',(0.,0.,1.));
#3969 = DIRECTION('',(1.,1.110223024625E-16,-0.));
#3970 = CYLINDRICAL_SURFACE('',#3971,1.600003810008);
#3971 = AXIS2_PLACEMENT_3D('',#3972,#3973,#3974);
#3972 = CARTESIAN_POINT('',(96.901193802388,-3.175006350013,0.));
#3973 = DIRECTION('',(-0.,-0.,-1.));
#3974 = DIRECTION('',(1.,1.110223024625E-16,-0.));
#3975 = ADVANCED_FACE('',(#3976),#3994,.F.);
#3976 = FACE_BOUND('',#3977,.T.);
#3977 = EDGE_LOOP('',(#3978,#3979,#3986,#3987));
#3978 = ORIENTED_EDGE('',*,*,#3956,.T.);
#3979 = ORIENTED_EDGE('',*,*,#3980,.T.);
#3980 = EDGE_CURVE('',#3948,#3940,#3981,.T.);
#3981 = CIRCLE('',#3982,1.600003810008);
#3982 = AXIS2_PLACEMENT_3D('',#3983,#3984,#3985);
#3983 = CARTESIAN_POINT('',(96.901193802388,-3.175006350013,    1.600050800102));
#3984 = DIRECTION('',(0.,0.,1.));
#3985 = DIRECTION('',(-1.,-1.110223024625E-16,0.));
#3986 = ORIENTED_EDGE('',*,*,#3937,.F.);
#3987 = ORIENTED_EDGE('',*,*,#3988,.F.);
#3988 = EDGE_CURVE('',#3957,#3938,#3989,.T.);
#3989 = CIRCLE('',#3990,1.600003810008);
#3990 = AXIS2_PLACEMENT_3D('',#3991,#3992,#3993);
#3991 = CARTESIAN_POINT('',(96.901193802388,-3.175006350013,0.));
#3992 = DIRECTION('',(0.,0.,1.));
#3993 = DIRECTION('',(-1.,-1.110223024625E-16,0.));
#3994 = CYLINDRICAL_SURFACE('',#3995,1.600003810008);
#3995 = AXIS2_PLACEMENT_3D('',#3996,#3997,#3998);
#3996 = CARTESIAN_POINT('',(96.901193802388,-3.175006350013,0.));
#3997 = DIRECTION('',(-0.,-0.,-1.));
#3998 = DIRECTION('',(-1.,-1.110223024625E-16,0.));
#3999 = ADVANCED_FACE('',(#4000,#4006,#4010,#4014,#4018,#4022,#4026,    #4030,#4034,#4038,#4042,#4046,#4050,#4054,#4058,#4062,#4066,#4070,    #4074,#4078,#4082,#4086,#4090,#4094,#4098,#4102,#4106,#4110,#4114,    #4118,#4122,#4126,#4130,#4134,#4138,#4142,#4146,#4150,#4154,#4158,    #4162,#4166,#4170,#4174,#4178,#4182,#4186,#4190,#4196,#4202,#4208,    #4212,#4216,#4220,#4224,#4228),#4232,.T.);
#4000 = FACE_BOUND('',#4001,.T.);
#4001 = EDGE_LOOP('',(#4002,#4003,#4004,#4005));
#4002 = ORIENTED_EDGE('',*,*,#89,.T.);
#4003 = ORIENTED_EDGE('',*,*,#120,.T.);
#4004 = ORIENTED_EDGE('',*,*,#151,.T.);
#4005 = ORIENTED_EDGE('',*,*,#173,.T.);
#4006 = FACE_BOUND('',#4007,.T.);
#4007 = EDGE_LOOP('',(#4008,#4009));
#4008 = ORIENTED_EDGE('',*,*,#214,.T.);
#4009 = ORIENTED_EDGE('',*,*,#238,.T.);
#4010 = FACE_BOUND('',#4011,.T.);
#4011 = EDGE_LOOP('',(#4012,#4013));
#4012 = ORIENTED_EDGE('',*,*,#280,.T.);
#4013 = ORIENTED_EDGE('',*,*,#304,.T.);
#4014 = FACE_BOUND('',#4015,.T.);
#4015 = EDGE_LOOP('',(#4016,#4017));
#4016 = ORIENTED_EDGE('',*,*,#346,.T.);
#4017 = ORIENTED_EDGE('',*,*,#370,.T.);
#4018 = FACE_BOUND('',#4019,.T.);
#4019 = EDGE_LOOP('',(#4020,#4021));
#4020 = ORIENTED_EDGE('',*,*,#412,.T.);
#4021 = ORIENTED_EDGE('',*,*,#436,.T.);
#4022 = FACE_BOUND('',#4023,.T.);
#4023 = EDGE_LOOP('',(#4024,#4025));
#4024 = ORIENTED_EDGE('',*,*,#478,.T.);
#4025 = ORIENTED_EDGE('',*,*,#502,.T.);
#4026 = FACE_BOUND('',#4027,.T.);
#4027 = EDGE_LOOP('',(#4028,#4029));
#4028 = ORIENTED_EDGE('',*,*,#544,.T.);
#4029 = ORIENTED_EDGE('',*,*,#568,.T.);
#4030 = FACE_BOUND('',#4031,.T.);
#4031 = EDGE_LOOP('',(#4032,#4033));
#4032 = ORIENTED_EDGE('',*,*,#610,.T.);
#4033 = ORIENTED_EDGE('',*,*,#634,.T.);
#4034 = FACE_BOUND('',#4035,.T.);
#4035 = EDGE_LOOP('',(#4036,#4037));
#4036 = ORIENTED_EDGE('',*,*,#676,.T.);
#4037 = ORIENTED_EDGE('',*,*,#700,.T.);
#4038 = FACE_BOUND('',#4039,.T.);
#4039 = EDGE_LOOP('',(#4040,#4041));
#4040 = ORIENTED_EDGE('',*,*,#742,.T.);
#4041 = ORIENTED_EDGE('',*,*,#766,.T.);
#4042 = FACE_BOUND('',#4043,.T.);
#4043 = EDGE_LOOP('',(#4044,#4045));
#4044 = ORIENTED_EDGE('',*,*,#808,.T.);
#4045 = ORIENTED_EDGE('',*,*,#832,.T.);
#4046 = FACE_BOUND('',#4047,.T.);
#4047 = EDGE_LOOP('',(#4048,#4049));
#4048 = ORIENTED_EDGE('',*,*,#874,.T.);
#4049 = ORIENTED_EDGE('',*,*,#898,.T.);
#4050 = FACE_BOUND('',#4051,.T.);
#4051 = EDGE_LOOP('',(#4052,#4053));
#4052 = ORIENTED_EDGE('',*,*,#940,.T.);
#4053 = ORIENTED_EDGE('',*,*,#964,.T.);
#4054 = FACE_BOUND('',#4055,.T.);
#4055 = EDGE_LOOP('',(#4056,#4057));
#4056 = ORIENTED_EDGE('',*,*,#1006,.T.);
#4057 = ORIENTED_EDGE('',*,*,#1030,.T.);
#4058 = FACE_BOUND('',#4059,.T.);
#4059 = EDGE_LOOP('',(#4060,#4061));
#4060 = ORIENTED_EDGE('',*,*,#1072,.T.);
#4061 = ORIENTED_EDGE('',*,*,#1096,.T.);
#4062 = FACE_BOUND('',#4063,.T.);
#4063 = EDGE_LOOP('',(#4064,#4065));
#4064 = ORIENTED_EDGE('',*,*,#1138,.T.);
#4065 = ORIENTED_EDGE('',*,*,#1162,.T.);
#4066 = FACE_BOUND('',#4067,.T.);
#4067 = EDGE_LOOP('',(#4068,#4069));
#4068 = ORIENTED_EDGE('',*,*,#1204,.T.);
#4069 = ORIENTED_EDGE('',*,*,#1228,.T.);
#4070 = FACE_BOUND('',#4071,.T.);
#4071 = EDGE_LOOP('',(#4072,#4073));
#4072 = ORIENTED_EDGE('',*,*,#1270,.T.);
#4073 = ORIENTED_EDGE('',*,*,#1294,.T.);
#4074 = FACE_BOUND('',#4075,.T.);
#4075 = EDGE_LOOP('',(#4076,#4077));
#4076 = ORIENTED_EDGE('',*,*,#1336,.T.);
#4077 = ORIENTED_EDGE('',*,*,#1360,.T.);
#4078 = FACE_BOUND('',#4079,.T.);
#4079 = EDGE_LOOP('',(#4080,#4081));
#4080 = ORIENTED_EDGE('',*,*,#1402,.T.);
#4081 = ORIENTED_EDGE('',*,*,#1426,.T.);
#4082 = FACE_BOUND('',#4083,.T.);
#4083 = EDGE_LOOP('',(#4084,#4085));
#4084 = ORIENTED_EDGE('',*,*,#1468,.T.);
#4085 = ORIENTED_EDGE('',*,*,#1492,.T.);
#4086 = FACE_BOUND('',#4087,.T.);
#4087 = EDGE_LOOP('',(#4088,#4089));
#4088 = ORIENTED_EDGE('',*,*,#1534,.T.);
#4089 = ORIENTED_EDGE('',*,*,#1558,.T.);
#4090 = FACE_BOUND('',#4091,.T.);
#4091 = EDGE_LOOP('',(#4092,#4093));
#4092 = ORIENTED_EDGE('',*,*,#1600,.T.);
#4093 = ORIENTED_EDGE('',*,*,#1624,.T.);
#4094 = FACE_BOUND('',#4095,.T.);
#4095 = EDGE_LOOP('',(#4096,#4097));
#4096 = ORIENTED_EDGE('',*,*,#1666,.T.);
#4097 = ORIENTED_EDGE('',*,*,#1690,.T.);
#4098 = FACE_BOUND('',#4099,.T.);
#4099 = EDGE_LOOP('',(#4100,#4101));
#4100 = ORIENTED_EDGE('',*,*,#1732,.T.);
#4101 = ORIENTED_EDGE('',*,*,#1756,.T.);
#4102 = FACE_BOUND('',#4103,.T.);
#4103 = EDGE_LOOP('',(#4104,#4105));
#4104 = ORIENTED_EDGE('',*,*,#1798,.T.);
#4105 = ORIENTED_EDGE('',*,*,#1822,.T.);
#4106 = FACE_BOUND('',#4107,.T.);
#4107 = EDGE_LOOP('',(#4108,#4109));
#4108 = ORIENTED_EDGE('',*,*,#1864,.T.);
#4109 = ORIENTED_EDGE('',*,*,#1888,.T.);
#4110 = FACE_BOUND('',#4111,.T.);
#4111 = EDGE_LOOP('',(#4112,#4113));
#4112 = ORIENTED_EDGE('',*,*,#1930,.T.);
#4113 = ORIENTED_EDGE('',*,*,#1954,.T.);
#4114 = FACE_BOUND('',#4115,.T.);
#4115 = EDGE_LOOP('',(#4116,#4117));
#4116 = ORIENTED_EDGE('',*,*,#1996,.T.);
#4117 = ORIENTED_EDGE('',*,*,#2020,.T.);
#4118 = FACE_BOUND('',#4119,.T.);
#4119 = EDGE_LOOP('',(#4120,#4121));
#4120 = ORIENTED_EDGE('',*,*,#2062,.T.);
#4121 = ORIENTED_EDGE('',*,*,#2086,.T.);
#4122 = FACE_BOUND('',#4123,.T.);
#4123 = EDGE_LOOP('',(#4124,#4125));
#4124 = ORIENTED_EDGE('',*,*,#2128,.T.);
#4125 = ORIENTED_EDGE('',*,*,#2152,.T.);
#4126 = FACE_BOUND('',#4127,.T.);
#4127 = EDGE_LOOP('',(#4128,#4129));
#4128 = ORIENTED_EDGE('',*,*,#2194,.T.);
#4129 = ORIENTED_EDGE('',*,*,#2218,.T.);
#4130 = FACE_BOUND('',#4131,.T.);
#4131 = EDGE_LOOP('',(#4132,#4133));
#4132 = ORIENTED_EDGE('',*,*,#2260,.T.);
#4133 = ORIENTED_EDGE('',*,*,#2284,.T.);
#4134 = FACE_BOUND('',#4135,.T.);
#4135 = EDGE_LOOP('',(#4136,#4137));
#4136 = ORIENTED_EDGE('',*,*,#2326,.T.);
#4137 = ORIENTED_EDGE('',*,*,#2350,.T.);
#4138 = FACE_BOUND('',#4139,.T.);
#4139 = EDGE_LOOP('',(#4140,#4141));
#4140 = ORIENTED_EDGE('',*,*,#2392,.T.);
#4141 = ORIENTED_EDGE('',*,*,#2416,.T.);
#4142 = FACE_BOUND('',#4143,.T.);
#4143 = EDGE_LOOP('',(#4144,#4145));
#4144 = ORIENTED_EDGE('',*,*,#2458,.T.);
#4145 = ORIENTED_EDGE('',*,*,#2482,.T.);
#4146 = FACE_BOUND('',#4147,.T.);
#4147 = EDGE_LOOP('',(#4148,#4149));
#4148 = ORIENTED_EDGE('',*,*,#2524,.T.);
#4149 = ORIENTED_EDGE('',*,*,#2548,.T.);
#4150 = FACE_BOUND('',#4151,.T.);
#4151 = EDGE_LOOP('',(#4152,#4153));
#4152 = ORIENTED_EDGE('',*,*,#2590,.T.);
#4153 = ORIENTED_EDGE('',*,*,#2614,.T.);
#4154 = FACE_BOUND('',#4155,.T.);
#4155 = EDGE_LOOP('',(#4156,#4157));
#4156 = ORIENTED_EDGE('',*,*,#2656,.T.);
#4157 = ORIENTED_EDGE('',*,*,#2680,.T.);
#4158 = FACE_BOUND('',#4159,.T.);
#4159 = EDGE_LOOP('',(#4160,#4161));
#4160 = ORIENTED_EDGE('',*,*,#2722,.T.);
#4161 = ORIENTED_EDGE('',*,*,#2746,.T.);
#4162 = FACE_BOUND('',#4163,.T.);
#4163 = EDGE_LOOP('',(#4164,#4165));
#4164 = ORIENTED_EDGE('',*,*,#2788,.T.);
#4165 = ORIENTED_EDGE('',*,*,#2812,.T.);
#4166 = FACE_BOUND('',#4167,.T.);
#4167 = EDGE_LOOP('',(#4168,#4169));
#4168 = ORIENTED_EDGE('',*,*,#2854,.T.);
#4169 = ORIENTED_EDGE('',*,*,#2878,.T.);
#4170 = FACE_BOUND('',#4171,.T.);
#4171 = EDGE_LOOP('',(#4172,#4173));
#4172 = ORIENTED_EDGE('',*,*,#2920,.T.);
#4173 = ORIENTED_EDGE('',*,*,#2944,.T.);
#4174 = FACE_BOUND('',#4175,.T.);
#4175 = EDGE_LOOP('',(#4176,#4177));
#4176 = ORIENTED_EDGE('',*,*,#2986,.T.);
#4177 = ORIENTED_EDGE('',*,*,#3010,.T.);
#4178 = FACE_BOUND('',#4179,.T.);
#4179 = EDGE_LOOP('',(#4180,#4181));
#4180 = ORIENTED_EDGE('',*,*,#3052,.T.);
#4181 = ORIENTED_EDGE('',*,*,#3076,.T.);
#4182 = FACE_BOUND('',#4183,.T.);
#4183 = EDGE_LOOP('',(#4184,#4185));
#4184 = ORIENTED_EDGE('',*,*,#3118,.T.);
#4185 = ORIENTED_EDGE('',*,*,#3142,.T.);
#4186 = FACE_BOUND('',#4187,.T.);
#4187 = EDGE_LOOP('',(#4188,#4189));
#4188 = ORIENTED_EDGE('',*,*,#3184,.T.);
#4189 = ORIENTED_EDGE('',*,*,#3208,.T.);
#4190 = FACE_BOUND('',#4191,.T.);
#4191 = EDGE_LOOP('',(#4192,#4193,#4194,#4195));
#4192 = ORIENTED_EDGE('',*,*,#3249,.T.);
#4193 = ORIENTED_EDGE('',*,*,#3281,.T.);
#4194 = ORIENTED_EDGE('',*,*,#3313,.T.);
#4195 = ORIENTED_EDGE('',*,*,#3336,.T.);
#4196 = FACE_BOUND('',#4197,.T.);
#4197 = EDGE_LOOP('',(#4198,#4199,#4200,#4201));
#4198 = ORIENTED_EDGE('',*,*,#3377,.T.);
#4199 = ORIENTED_EDGE('',*,*,#3409,.T.);
#4200 = ORIENTED_EDGE('',*,*,#3441,.T.);
#4201 = ORIENTED_EDGE('',*,*,#3464,.T.);
#4202 = FACE_BOUND('',#4203,.T.);
#4203 = EDGE_LOOP('',(#4204,#4205,#4206,#4207));
#4204 = ORIENTED_EDGE('',*,*,#3505,.T.);
#4205 = ORIENTED_EDGE('',*,*,#3537,.T.);
#4206 = ORIENTED_EDGE('',*,*,#3569,.T.);
#4207 = ORIENTED_EDGE('',*,*,#3592,.T.);
#4208 = FACE_BOUND('',#4209,.T.);
#4209 = EDGE_LOOP('',(#4210,#4211));
#4210 = ORIENTED_EDGE('',*,*,#3634,.T.);
#4211 = ORIENTED_EDGE('',*,*,#3658,.T.);
#4212 = FACE_BOUND('',#4213,.T.);
#4213 = EDGE_LOOP('',(#4214,#4215));
#4214 = ORIENTED_EDGE('',*,*,#3700,.T.);
#4215 = ORIENTED_EDGE('',*,*,#3724,.T.);
#4216 = FACE_BOUND('',#4217,.T.);
#4217 = EDGE_LOOP('',(#4218,#4219));
#4218 = ORIENTED_EDGE('',*,*,#3766,.T.);
#4219 = ORIENTED_EDGE('',*,*,#3790,.T.);
#4220 = FACE_BOUND('',#4221,.T.);
#4221 = EDGE_LOOP('',(#4222,#4223));
#4222 = ORIENTED_EDGE('',*,*,#3832,.T.);
#4223 = ORIENTED_EDGE('',*,*,#3856,.T.);
#4224 = FACE_BOUND('',#4225,.T.);
#4225 = EDGE_LOOP('',(#4226,#4227));
#4226 = ORIENTED_EDGE('',*,*,#3898,.T.);
#4227 = ORIENTED_EDGE('',*,*,#3922,.T.);
#4228 = FACE_BOUND('',#4229,.T.);
#4229 = EDGE_LOOP('',(#4230,#4231));
#4230 = ORIENTED_EDGE('',*,*,#3964,.T.);
#4231 = ORIENTED_EDGE('',*,*,#3988,.T.);
#4232 = PLANE('',#4233);
#4233 = AXIS2_PLACEMENT_3D('',#4234,#4235,#4236);
#4234 = CARTESIAN_POINT('',(50.000100330201,-25.00004953009,0.));
#4235 = DIRECTION('',(-0.,-0.,-1.));
#4236 = DIRECTION('',(-1.,0.,0.));
#4237 = ADVANCED_FACE('',(#4238,#4244,#4248,#4252,#4256,#4260,#4264,    #4268,#4272,#4276,#4280,#4284,#4288,#4292,#4296,#4300,#4304,#4308,    #4312,#4316,#4320,#4324,#4328,#4332,#4336,#4340,#4344,#4348,#4352,    #4356,#4360,#4364,#4368,#4372,#4376,#4380,#4384,#4388,#4392,#4396,    #4400,#4404,#4408,#4412,#4416,#4420,#4424,#4428,#4434,#4440,#4446,    #4450,#4454,#4458,#4462,#4466),#4470,.F.);
#4238 = FACE_BOUND('',#4239,.F.);
#4239 = EDGE_LOOP('',(#4240,#4241,#4242,#4243));
#4240 = ORIENTED_EDGE('',*,*,#73,.T.);
#4241 = ORIENTED_EDGE('',*,*,#104,.T.);
#4242 = ORIENTED_EDGE('',*,*,#135,.T.);
#4243 = ORIENTED_EDGE('',*,*,#166,.T.);
#4244 = FACE_BOUND('',#4245,.F.);
#4245 = EDGE_LOOP('',(#4246,#4247));
#4246 = ORIENTED_EDGE('',*,*,#197,.T.);
#4247 = ORIENTED_EDGE('',*,*,#230,.T.);
#4248 = FACE_BOUND('',#4249,.F.);
#4249 = EDGE_LOOP('',(#4250,#4251));
#4250 = ORIENTED_EDGE('',*,*,#263,.T.);
#4251 = ORIENTED_EDGE('',*,*,#296,.T.);
#4252 = FACE_BOUND('',#4253,.F.);
#4253 = EDGE_LOOP('',(#4254,#4255));
#4254 = ORIENTED_EDGE('',*,*,#329,.T.);
#4255 = ORIENTED_EDGE('',*,*,#362,.T.);
#4256 = FACE_BOUND('',#4257,.F.);
#4257 = EDGE_LOOP('',(#4258,#4259));
#4258 = ORIENTED_EDGE('',*,*,#395,.T.);
#4259 = ORIENTED_EDGE('',*,*,#428,.T.);
#4260 = FACE_BOUND('',#4261,.F.);
#4261 = EDGE_LOOP('',(#4262,#4263));
#4262 = ORIENTED_EDGE('',*,*,#461,.T.);
#4263 = ORIENTED_EDGE('',*,*,#494,.T.);
#4264 = FACE_BOUND('',#4265,.F.);
#4265 = EDGE_LOOP('',(#4266,#4267));
#4266 = ORIENTED_EDGE('',*,*,#527,.T.);
#4267 = ORIENTED_EDGE('',*,*,#560,.T.);
#4268 = FACE_BOUND('',#4269,.F.);
#4269 = EDGE_LOOP('',(#4270,#4271));
#4270 = ORIENTED_EDGE('',*,*,#593,.T.);
#4271 = ORIENTED_EDGE('',*,*,#626,.T.);
#4272 = FACE_BOUND('',#4273,.F.);
#4273 = EDGE_LOOP('',(#4274,#4275));
#4274 = ORIENTED_EDGE('',*,*,#659,.T.);
#4275 = ORIENTED_EDGE('',*,*,#692,.T.);
#4276 = FACE_BOUND('',#4277,.F.);
#4277 = EDGE_LOOP('',(#4278,#4279));
#4278 = ORIENTED_EDGE('',*,*,#725,.T.);
#4279 = ORIENTED_EDGE('',*,*,#758,.T.);
#4280 = FACE_BOUND('',#4281,.F.);
#4281 = EDGE_LOOP('',(#4282,#4283));
#4282 = ORIENTED_EDGE('',*,*,#791,.T.);
#4283 = ORIENTED_EDGE('',*,*,#824,.T.);
#4284 = FACE_BOUND('',#4285,.F.);
#4285 = EDGE_LOOP('',(#4286,#4287));
#4286 = ORIENTED_EDGE('',*,*,#857,.T.);
#4287 = ORIENTED_EDGE('',*,*,#890,.T.);
#4288 = FACE_BOUND('',#4289,.F.);
#4289 = EDGE_LOOP('',(#4290,#4291));
#4290 = ORIENTED_EDGE('',*,*,#923,.T.);
#4291 = ORIENTED_EDGE('',*,*,#956,.T.);
#4292 = FACE_BOUND('',#4293,.F.);
#4293 = EDGE_LOOP('',(#4294,#4295));
#4294 = ORIENTED_EDGE('',*,*,#989,.T.);
#4295 = ORIENTED_EDGE('',*,*,#1022,.T.);
#4296 = FACE_BOUND('',#4297,.F.);
#4297 = EDGE_LOOP('',(#4298,#4299));
#4298 = ORIENTED_EDGE('',*,*,#1055,.T.);
#4299 = ORIENTED_EDGE('',*,*,#1088,.T.);
#4300 = FACE_BOUND('',#4301,.F.);
#4301 = EDGE_LOOP('',(#4302,#4303));
#4302 = ORIENTED_EDGE('',*,*,#1121,.T.);
#4303 = ORIENTED_EDGE('',*,*,#1154,.T.);
#4304 = FACE_BOUND('',#4305,.F.);
#4305 = EDGE_LOOP('',(#4306,#4307));
#4306 = ORIENTED_EDGE('',*,*,#1187,.T.);
#4307 = ORIENTED_EDGE('',*,*,#1220,.T.);
#4308 = FACE_BOUND('',#4309,.F.);
#4309 = EDGE_LOOP('',(#4310,#4311));
#4310 = ORIENTED_EDGE('',*,*,#1253,.T.);
#4311 = ORIENTED_EDGE('',*,*,#1286,.T.);
#4312 = FACE_BOUND('',#4313,.F.);
#4313 = EDGE_LOOP('',(#4314,#4315));
#4314 = ORIENTED_EDGE('',*,*,#1319,.T.);
#4315 = ORIENTED_EDGE('',*,*,#1352,.T.);
#4316 = FACE_BOUND('',#4317,.F.);
#4317 = EDGE_LOOP('',(#4318,#4319));
#4318 = ORIENTED_EDGE('',*,*,#1385,.T.);
#4319 = ORIENTED_EDGE('',*,*,#1418,.T.);
#4320 = FACE_BOUND('',#4321,.F.);
#4321 = EDGE_LOOP('',(#4322,#4323));
#4322 = ORIENTED_EDGE('',*,*,#1451,.T.);
#4323 = ORIENTED_EDGE('',*,*,#1484,.T.);
#4324 = FACE_BOUND('',#4325,.F.);
#4325 = EDGE_LOOP('',(#4326,#4327));
#4326 = ORIENTED_EDGE('',*,*,#1517,.T.);
#4327 = ORIENTED_EDGE('',*,*,#1550,.T.);
#4328 = FACE_BOUND('',#4329,.F.);
#4329 = EDGE_LOOP('',(#4330,#4331));
#4330 = ORIENTED_EDGE('',*,*,#1583,.T.);
#4331 = ORIENTED_EDGE('',*,*,#1616,.T.);
#4332 = FACE_BOUND('',#4333,.F.);
#4333 = EDGE_LOOP('',(#4334,#4335));
#4334 = ORIENTED_EDGE('',*,*,#1649,.T.);
#4335 = ORIENTED_EDGE('',*,*,#1682,.T.);
#4336 = FACE_BOUND('',#4337,.F.);
#4337 = EDGE_LOOP('',(#4338,#4339));
#4338 = ORIENTED_EDGE('',*,*,#1715,.T.);
#4339 = ORIENTED_EDGE('',*,*,#1748,.T.);
#4340 = FACE_BOUND('',#4341,.F.);
#4341 = EDGE_LOOP('',(#4342,#4343));
#4342 = ORIENTED_EDGE('',*,*,#1781,.T.);
#4343 = ORIENTED_EDGE('',*,*,#1814,.T.);
#4344 = FACE_BOUND('',#4345,.F.);
#4345 = EDGE_LOOP('',(#4346,#4347));
#4346 = ORIENTED_EDGE('',*,*,#1847,.T.);
#4347 = ORIENTED_EDGE('',*,*,#1880,.T.);
#4348 = FACE_BOUND('',#4349,.F.);
#4349 = EDGE_LOOP('',(#4350,#4351));
#4350 = ORIENTED_EDGE('',*,*,#1913,.T.);
#4351 = ORIENTED_EDGE('',*,*,#1946,.T.);
#4352 = FACE_BOUND('',#4353,.F.);
#4353 = EDGE_LOOP('',(#4354,#4355));
#4354 = ORIENTED_EDGE('',*,*,#1979,.T.);
#4355 = ORIENTED_EDGE('',*,*,#2012,.T.);
#4356 = FACE_BOUND('',#4357,.F.);
#4357 = EDGE_LOOP('',(#4358,#4359));
#4358 = ORIENTED_EDGE('',*,*,#2045,.T.);
#4359 = ORIENTED_EDGE('',*,*,#2078,.T.);
#4360 = FACE_BOUND('',#4361,.F.);
#4361 = EDGE_LOOP('',(#4362,#4363));
#4362 = ORIENTED_EDGE('',*,*,#2111,.T.);
#4363 = ORIENTED_EDGE('',*,*,#2144,.T.);
#4364 = FACE_BOUND('',#4365,.F.);
#4365 = EDGE_LOOP('',(#4366,#4367));
#4366 = ORIENTED_EDGE('',*,*,#2177,.T.);
#4367 = ORIENTED_EDGE('',*,*,#2210,.T.);
#4368 = FACE_BOUND('',#4369,.F.);
#4369 = EDGE_LOOP('',(#4370,#4371));
#4370 = ORIENTED_EDGE('',*,*,#2243,.T.);
#4371 = ORIENTED_EDGE('',*,*,#2276,.T.);
#4372 = FACE_BOUND('',#4373,.F.);
#4373 = EDGE_LOOP('',(#4374,#4375));
#4374 = ORIENTED_EDGE('',*,*,#2309,.T.);
#4375 = ORIENTED_EDGE('',*,*,#2342,.T.);
#4376 = FACE_BOUND('',#4377,.F.);
#4377 = EDGE_LOOP('',(#4378,#4379));
#4378 = ORIENTED_EDGE('',*,*,#2375,.T.);
#4379 = ORIENTED_EDGE('',*,*,#2408,.T.);
#4380 = FACE_BOUND('',#4381,.F.);
#4381 = EDGE_LOOP('',(#4382,#4383));
#4382 = ORIENTED_EDGE('',*,*,#2441,.T.);
#4383 = ORIENTED_EDGE('',*,*,#2474,.T.);
#4384 = FACE_BOUND('',#4385,.F.);
#4385 = EDGE_LOOP('',(#4386,#4387));
#4386 = ORIENTED_EDGE('',*,*,#2507,.T.);
#4387 = ORIENTED_EDGE('',*,*,#2540,.T.);
#4388 = FACE_BOUND('',#4389,.F.);
#4389 = EDGE_LOOP('',(#4390,#4391));
#4390 = ORIENTED_EDGE('',*,*,#2573,.T.);
#4391 = ORIENTED_EDGE('',*,*,#2606,.T.);
#4392 = FACE_BOUND('',#4393,.F.);
#4393 = EDGE_LOOP('',(#4394,#4395));
#4394 = ORIENTED_EDGE('',*,*,#2639,.T.);
#4395 = ORIENTED_EDGE('',*,*,#2672,.T.);
#4396 = FACE_BOUND('',#4397,.F.);
#4397 = EDGE_LOOP('',(#4398,#4399));
#4398 = ORIENTED_EDGE('',*,*,#2705,.T.);
#4399 = ORIENTED_EDGE('',*,*,#2738,.T.);
#4400 = FACE_BOUND('',#4401,.F.);
#4401 = EDGE_LOOP('',(#4402,#4403));
#4402 = ORIENTED_EDGE('',*,*,#2771,.T.);
#4403 = ORIENTED_EDGE('',*,*,#2804,.T.);
#4404 = FACE_BOUND('',#4405,.F.);
#4405 = EDGE_LOOP('',(#4406,#4407));
#4406 = ORIENTED_EDGE('',*,*,#2837,.T.);
#4407 = ORIENTED_EDGE('',*,*,#2870,.T.);
#4408 = FACE_BOUND('',#4409,.F.);
#4409 = EDGE_LOOP('',(#4410,#4411));
#4410 = ORIENTED_EDGE('',*,*,#2903,.T.);
#4411 = ORIENTED_EDGE('',*,*,#2936,.T.);
#4412 = FACE_BOUND('',#4413,.F.);
#4413 = EDGE_LOOP('',(#4414,#4415));
#4414 = ORIENTED_EDGE('',*,*,#2969,.T.);
#4415 = ORIENTED_EDGE('',*,*,#3002,.T.);
#4416 = FACE_BOUND('',#4417,.F.);
#4417 = EDGE_LOOP('',(#4418,#4419));
#4418 = ORIENTED_EDGE('',*,*,#3035,.T.);
#4419 = ORIENTED_EDGE('',*,*,#3068,.T.);
#4420 = FACE_BOUND('',#4421,.F.);
#4421 = EDGE_LOOP('',(#4422,#4423));
#4422 = ORIENTED_EDGE('',*,*,#3101,.T.);
#4423 = ORIENTED_EDGE('',*,*,#3134,.T.);
#4424 = FACE_BOUND('',#4425,.F.);
#4425 = EDGE_LOOP('',(#4426,#4427));
#4426 = ORIENTED_EDGE('',*,*,#3167,.T.);
#4427 = ORIENTED_EDGE('',*,*,#3200,.T.);
#4428 = FACE_BOUND('',#4429,.F.);
#4429 = EDGE_LOOP('',(#4430,#4431,#4432,#4433));
#4430 = ORIENTED_EDGE('',*,*,#3233,.T.);
#4431 = ORIENTED_EDGE('',*,*,#3264,.T.);
#4432 = ORIENTED_EDGE('',*,*,#3297,.T.);
#4433 = ORIENTED_EDGE('',*,*,#3328,.T.);
#4434 = FACE_BOUND('',#4435,.F.);
#4435 = EDGE_LOOP('',(#4436,#4437,#4438,#4439));
#4436 = ORIENTED_EDGE('',*,*,#3361,.T.);
#4437 = ORIENTED_EDGE('',*,*,#3392,.T.);
#4438 = ORIENTED_EDGE('',*,*,#3425,.T.);
#4439 = ORIENTED_EDGE('',*,*,#3456,.T.);
#4440 = FACE_BOUND('',#4441,.F.);
#4441 = EDGE_LOOP('',(#4442,#4443,#4444,#4445));
#4442 = ORIENTED_EDGE('',*,*,#3489,.T.);
#4443 = ORIENTED_EDGE('',*,*,#3520,.T.);
#4444 = ORIENTED_EDGE('',*,*,#3553,.T.);
#4445 = ORIENTED_EDGE('',*,*,#3584,.T.);
#4446 = FACE_BOUND('',#4447,.F.);
#4447 = EDGE_LOOP('',(#4448,#4449));
#4448 = ORIENTED_EDGE('',*,*,#3617,.T.);
#4449 = ORIENTED_EDGE('',*,*,#3650,.T.);
#4450 = FACE_BOUND('',#4451,.F.);
#4451 = EDGE_LOOP('',(#4452,#4453));
#4452 = ORIENTED_EDGE('',*,*,#3683,.T.);
#4453 = ORIENTED_EDGE('',*,*,#3716,.T.);
#4454 = FACE_BOUND('',#4455,.F.);
#4455 = EDGE_LOOP('',(#4456,#4457));
#4456 = ORIENTED_EDGE('',*,*,#3749,.T.);
#4457 = ORIENTED_EDGE('',*,*,#3782,.T.);
#4458 = FACE_BOUND('',#4459,.F.);
#4459 = EDGE_LOOP('',(#4460,#4461));
#4460 = ORIENTED_EDGE('',*,*,#3815,.T.);
#4461 = ORIENTED_EDGE('',*,*,#3848,.T.);
#4462 = FACE_BOUND('',#4463,.F.);
#4463 = EDGE_LOOP('',(#4464,#4465));
#4464 = ORIENTED_EDGE('',*,*,#3881,.T.);
#4465 = ORIENTED_EDGE('',*,*,#3914,.T.);
#4466 = FACE_BOUND('',#4467,.F.);
#4467 = EDGE_LOOP('',(#4468,#4469));
#4468 = ORIENTED_EDGE('',*,*,#3947,.T.);
#4469 = ORIENTED_EDGE('',*,*,#3980,.T.);
#4470 = PLANE('',#4471);
#4471 = AXIS2_PLACEMENT_3D('',#4472,#4473,#4474);
#4472 = CARTESIAN_POINT('',(50.000100330201,-25.00004953009,    1.600050800102));
#4473 = DIRECTION('',(-0.,-0.,-1.));
#4474 = DIRECTION('',(-1.,0.,0.));
#4475 = ( GEOMETRIC_REPRESENTATION_CONTEXT(3) GLOBAL_UNCERTAINTY_ASSIGNED_CONTEXT((#4479)) GLOBAL_UNIT_ASSIGNED_CONTEXT((#4476,#4477,#4478)) REPRESENTATION_CONTEXT('Context #1','3D Context with UNIT and UNCERTAINTY') );
#4476 = ( LENGTH_UNIT() NAMED_UNIT(*) SI_UNIT(.MILLI.,.METRE.) );
#4477 = ( NAMED_UNIT(*) PLANE_ANGLE_UNIT() SI_UNIT($,.RADIAN.) );
#4478 = ( NAMED_UNIT(*) SI_UNIT($,.STERADIAN.) SOLID_ANGLE_UNIT() );
#4479 = UNCERTAINTY_MEASURE_WITH_UNIT(LENGTH_MEASURE(1.E-07),#4476,  'distance_accuracy_value','confusion accuracy');
#4480 = CONTEXT_DEPENDENT_SHAPE_REPRESENTATION(#4481,#4483);
#4481 = ( REPRESENTATION_RELATIONSHIP('','',#56,#10) REPRESENTATION_RELATIONSHIP_WITH_TRANSFORMATION(#4482) SHAPE_REPRESENTATION_RELATIONSHIP() );
#4482 = ITEM_DEFINED_TRANSFORMATION('','',#11,#15);
#4483 = PRODUCT_DEFINITION_SHAPE('Placement','Placement of an item',  #4484);
#4484 = NEXT_ASSEMBLY_USAGE_OCCURRENCE('1','=>[0:1:1:2]','',#5,#51,$);
#4485 = PRODUCT_RELATED_PRODUCT_CATEGORY('part',$,(#53));
#4486 = SHAPE_DEFINITION_REPRESENTATION(#4487,#4493);
#4487 = PRODUCT_DEFINITION_SHAPE('','',#4488);
#4488 = PRODUCT_DEFINITION('design','',#4489,#4492);
#4489 = PRODUCT_DEFINITION_FORMATION('','',#4490);
#4490 = PRODUCT('TopCopper~3fdd','TopCopper~3fdd','',(#4491));
#4491 = PRODUCT_CONTEXT('',#2,'mechanical');
#4492 = PRODUCT_DEFINITION_CONTEXT('part definition',#2,'design');
#4493 = SHAPE_REPRESENTATION('',(#11),#4494);
#4494 = ( GEOMETRIC_REPRESENTATION_CONTEXT(3) GLOBAL_UNCERTAINTY_ASSIGNED_CONTEXT((#4498)) GLOBAL_UNIT_ASSIGNED_CONTEXT((#4495,#4496,#4497)) REPRESENTATION_CONTEXT('Context #1','3D Context with UNIT and UNCERTAINTY') );
#4495 = ( LENGTH_UNIT() NAMED_UNIT(*) SI_UNIT(.MILLI.,.METRE.) );
#4496 = ( NAMED_UNIT(*) PLANE_ANGLE_UNIT() SI_UNIT($,.RADIAN.) );
#4497 = ( NAMED_UNIT(*) SI_UNIT($,.STERADIAN.) SOLID_ANGLE_UNIT() );
#4498 = UNCERTAINTY_MEASURE_WITH_UNIT(LENGTH_MEASURE(1.E-07),#4495,  'distance_accuracy_value','confusion accuracy');
#4499 = CONTEXT_DEPENDENT_SHAPE_REPRESENTATION(#4500,#4502);
#4500 = ( REPRESENTATION_RELATIONSHIP('','',#4493,#10) REPRESENTATION_RELATIONSHIP_WITH_TRANSFORMATION(#4501) SHAPE_REPRESENTATION_RELATIONSHIP() );
#4501 = ITEM_DEFINED_TRANSFORMATION('','',#11,#19);
#4502 = PRODUCT_DEFINITION_SHAPE('Placement','Placement of an item',  #4503);
#4503 = NEXT_ASSEMBLY_USAGE_OCCURRENCE('2','=>[0:1:1:3]','',#5,#4488,$);
#4504 = PRODUCT_RELATED_PRODUCT_CATEGORY('part',$,(#4490));
#4505 = SHAPE_DEFINITION_REPRESENTATION(#4506,#4512);
#4506 = PRODUCT_DEFINITION_SHAPE('','',#4507);
#4507 = PRODUCT_DEFINITION('design','',#4508,#4511);
#4508 = PRODUCT_DEFINITION_FORMATION('','',#4509);
#4509 = PRODUCT('BottomCopper~3fdd','BottomCopper~3fdd','',(#4510));
#4510 = PRODUCT_CONTEXT('',#2,'mechanical');
#4511 = PRODUCT_DEFINITION_CONTEXT('part definition',#2,'design');
#4512 = SHAPE_REPRESENTATION('',(#11),#4513);
#4513 = ( GEOMETRIC_REPRESENTATION_CONTEXT(3) GLOBAL_UNCERTAINTY_ASSIGNED_CONTEXT((#4517)) GLOBAL_UNIT_ASSIGNED_CONTEXT((#4514,#4515,#4516)) REPRESENTATION_CONTEXT('Context #1','3D Context with UNIT and UNCERTAINTY') );
#4514 = ( LENGTH_UNIT() NAMED_UNIT(*) SI_UNIT(.MILLI.,.METRE.) );
#4515 = ( NAMED_UNIT(*) PLANE_ANGLE_UNIT() SI_UNIT($,.RADIAN.) );
#4516 = ( NAMED_UNIT(*) SI_UNIT($,.STERADIAN.) SOLID_ANGLE_UNIT() );
#4517 = UNCERTAINTY_MEASURE_WITH_UNIT(LENGTH_MEASURE(1.E-07),#4514,  'distance_accuracy_value','confusion accuracy');
#4518 = CONTEXT_DEPENDENT_SHAPE_REPRESENTATION(#4519,#4521);
#4519 = ( REPRESENTATION_RELATIONSHIP('','',#4512,#10) REPRESENTATION_RELATIONSHIP_WITH_TRANSFORMATION(#4520) SHAPE_REPRESENTATION_RELATIONSHIP() );
#4520 = ITEM_DEFINED_TRANSFORMATION('','',#11,#23);
#4521 = PRODUCT_DEFINITION_SHAPE('Placement','Placement of an item',  #4522);
#4522 = NEXT_ASSEMBLY_USAGE_OCCURRENCE('3','=>[0:1:1:4]','',#5,#4507,$);
#4523 = PRODUCT_RELATED_PRODUCT_CATEGORY('part',$,(#4509));
#4524 = SHAPE_DEFINITION_REPRESENTATION(#4525,#4531);
#4525 = PRODUCT_DEFINITION_SHAPE('','',#4526);
#4526 = PRODUCT_DEFINITION('design','',#4527,#4530);
#4527 = PRODUCT_DEFINITION_FORMATION('','',#4528);
#4528 = PRODUCT('TopSilkscreen~3fdd','TopSilkscreen~3fdd','',(#4529));
#4529 = PRODUCT_CONTEXT('',#2,'mechanical');
#4530 = PRODUCT_DEFINITION_CONTEXT('part definition',#2,'design');
#4531 = SHAPE_REPRESENTATION('',(#11),#4532);
#4532 = ( GEOMETRIC_REPRESENTATION_CONTEXT(3) GLOBAL_UNCERTAINTY_ASSIGNED_CONTEXT((#4536)) GLOBAL_UNIT_ASSIGNED_CONTEXT((#4533,#4534,#4535)) REPRESENTATION_CONTEXT('Context #1','3D Context with UNIT and UNCERTAINTY') );
#4533 = ( LENGTH_UNIT() NAMED_UNIT(*) SI_UNIT(.MILLI.,.METRE.) );
#4534 = ( NAMED_UNIT(*) PLANE_ANGLE_UNIT() SI_UNIT($,.RADIAN.) );
#4535 = ( NAMED_UNIT(*) SI_UNIT($,.STERADIAN.) SOLID_ANGLE_UNIT() );
#4536 = UNCERTAINTY_MEASURE_WITH_UNIT(LENGTH_MEASURE(1.E-07),#4533,  'distance_accuracy_value','confusion accuracy');
#4537 = CONTEXT_DEPENDENT_SHAPE_REPRESENTATION(#4538,#4540);
#4538 = ( REPRESENTATION_RELATIONSHIP('','',#4531,#10) REPRESENTATION_RELATIONSHIP_WITH_TRANSFORMATION(#4539) SHAPE_REPRESENTATION_RELATIONSHIP() );
#4539 = ITEM_DEFINED_TRANSFORMATION('','',#11,#27);
#4540 = PRODUCT_DEFINITION_SHAPE('Placement','Placement of an item',  #4541);
#4541 = NEXT_ASSEMBLY_USAGE_OCCURRENCE('4','=>[0:1:1:5]','',#5,#4526,$);
#4542 = PRODUCT_RELATED_PRODUCT_CATEGORY('part',$,(#4528));
#4543 = SHAPE_DEFINITION_REPRESENTATION(#4544,#4550);
#4544 = PRODUCT_DEFINITION_SHAPE('','',#4545);
#4545 = PRODUCT_DEFINITION('design','',#4546,#4549);
#4546 = PRODUCT_DEFINITION_FORMATION('','',#4547);
#4547 = PRODUCT('BottomSilkscreen~3fdd','BottomSilkscreen~3fdd','',(    #4548));
#4548 = PRODUCT_CONTEXT('',#2,'mechanical');
#4549 = PRODUCT_DEFINITION_CONTEXT('part definition',#2,'design');
#4550 = SHAPE_REPRESENTATION('',(#11),#4551);
#4551 = ( GEOMETRIC_REPRESENTATION_CONTEXT(3) GLOBAL_UNCERTAINTY_ASSIGNED_CONTEXT((#4555)) GLOBAL_UNIT_ASSIGNED_CONTEXT((#4552,#4553,#4554)) REPRESENTATION_CONTEXT('Context #1','3D Context with UNIT and UNCERTAINTY') );
#4552 = ( LENGTH_UNIT() NAMED_UNIT(*) SI_UNIT(.MILLI.,.METRE.) );
#4553 = ( NAMED_UNIT(*) PLANE_ANGLE_UNIT() SI_UNIT($,.RADIAN.) );
#4554 = ( NAMED_UNIT(*) SI_UNIT($,.STERADIAN.) SOLID_ANGLE_UNIT() );
#4555 = UNCERTAINTY_MEASURE_WITH_UNIT(LENGTH_MEASURE(1.E-07),#4552,  'distance_accuracy_value','confusion accuracy');
#4556 = CONTEXT_DEPENDENT_SHAPE_REPRESENTATION(#4557,#4559);
#4557 = ( REPRESENTATION_RELATIONSHIP('','',#4550,#10) REPRESENTATION_RELATIONSHIP_WITH_TRANSFORMATION(#4558) SHAPE_REPRESENTATION_RELATIONSHIP() );
#4558 = ITEM_DEFINED_TRANSFORMATION('','',#11,#31);
#4559 = PRODUCT_DEFINITION_SHAPE('Placement','Placement of an item',  #4560);
#4560 = NEXT_ASSEMBLY_USAGE_OCCURRENCE('5','=>[0:1:1:6]','',#5,#4545,$);
#4561 = PRODUCT_RELATED_PRODUCT_CATEGORY('part',$,(#4547));
#4562 = SHAPE_DEFINITION_REPRESENTATION(#4563,#4569);
#4563 = PRODUCT_DEFINITION_SHAPE('','',#4564);
#4564 = PRODUCT_DEFINITION('design','',#4565,#4568);
#4565 = PRODUCT_DEFINITION_FORMATION('','',#4566);
#4566 = PRODUCT('TopFpcStiffener~3fdd','TopFpcStiffener~3fdd','',(#4567)  );
#4567 = PRODUCT_CONTEXT('',#2,'mechanical');
#4568 = PRODUCT_DEFINITION_CONTEXT('part definition',#2,'design');
#4569 = SHAPE_REPRESENTATION('',(#11),#4570);
#4570 = ( GEOMETRIC_REPRESENTATION_CONTEXT(3) GLOBAL_UNCERTAINTY_ASSIGNED_CONTEXT((#4574)) GLOBAL_UNIT_ASSIGNED_CONTEXT((#4571,#4572,#4573)) REPRESENTATION_CONTEXT('Context #1','3D Context with UNIT and UNCERTAINTY') );
#4571 = ( LENGTH_UNIT() NAMED_UNIT(*) SI_UNIT(.MILLI.,.METRE.) );
#4572 = ( NAMED_UNIT(*) PLANE_ANGLE_UNIT() SI_UNIT($,.RADIAN.) );
#4573 = ( NAMED_UNIT(*) SI_UNIT($,.STERADIAN.) SOLID_ANGLE_UNIT() );
#4574 = UNCERTAINTY_MEASURE_WITH_UNIT(LENGTH_MEASURE(1.E-07),#4571,  'distance_accuracy_value','confusion accuracy');
#4575 = CONTEXT_DEPENDENT_SHAPE_REPRESENTATION(#4576,#4578);
#4576 = ( REPRESENTATION_RELATIONSHIP('','',#4569,#10) REPRESENTATION_RELATIONSHIP_WITH_TRANSFORMATION(#4577) SHAPE_REPRESENTATION_RELATIONSHIP() );
#4577 = ITEM_DEFINED_TRANSFORMATION('','',#11,#35);
#4578 = PRODUCT_DEFINITION_SHAPE('Placement','Placement of an item',  #4579);
#4579 = NEXT_ASSEMBLY_USAGE_OCCURRENCE('6','=>[0:1:1:7]','',#5,#4564,$);
#4580 = PRODUCT_RELATED_PRODUCT_CATEGORY('part',$,(#4566));
#4581 = SHAPE_DEFINITION_REPRESENTATION(#4582,#4588);
#4582 = PRODUCT_DEFINITION_SHAPE('','',#4583);
#4583 = PRODUCT_DEFINITION('design','',#4584,#4587);
#4584 = PRODUCT_DEFINITION_FORMATION('','',#4585);
#4585 = PRODUCT('BottomFpcStiffener~3fdd','BottomFpcStiffener~3fdd','',(    #4586));
#4586 = PRODUCT_CONTEXT('',#2,'mechanical');
#4587 = PRODUCT_DEFINITION_CONTEXT('part definition',#2,'design');
#4588 = SHAPE_REPRESENTATION('',(#11),#4589);
#4589 = ( GEOMETRIC_REPRESENTATION_CONTEXT(3) GLOBAL_UNCERTAINTY_ASSIGNED_CONTEXT((#4593)) GLOBAL_UNIT_ASSIGNED_CONTEXT((#4590,#4591,#4592)) REPRESENTATION_CONTEXT('Context #1','3D Context with UNIT and UNCERTAINTY') );
#4590 = ( LENGTH_UNIT() NAMED_UNIT(*) SI_UNIT(.MILLI.,.METRE.) );
#4591 = ( NAMED_UNIT(*) PLANE_ANGLE_UNIT() SI_UNIT($,.RADIAN.) );
#4592 = ( NAMED_UNIT(*) SI_UNIT($,.STERADIAN.) SOLID_ANGLE_UNIT() );
#4593 = UNCERTAINTY_MEASURE_WITH_UNIT(LENGTH_MEASURE(1.E-07),#4590,  'distance_accuracy_value','confusion accuracy');
#4594 = CONTEXT_DEPENDENT_SHAPE_REPRESENTATION(#4595,#4597);
#4595 = ( REPRESENTATION_RELATIONSHIP('','',#4588,#10) REPRESENTATION_RELATIONSHIP_WITH_TRANSFORMATION(#4596) SHAPE_REPRESENTATION_RELATIONSHIP() );
#4596 = ITEM_DEFINED_TRANSFORMATION('','',#11,#39);
#4597 = PRODUCT_DEFINITION_SHAPE('Placement','Placement of an item',  #4598);
#4598 = NEXT_ASSEMBLY_USAGE_OCCURRENCE('7','=>[0:1:1:8]','',#5,#4583,$);
#4599 = PRODUCT_RELATED_PRODUCT_CATEGORY('part',$,(#4585));
#4600 = MECHANICAL_DESIGN_GEOMETRIC_PRESENTATION_REPRESENTATION('',(    #4601,#4611,#4619,#4626,#4633,#4640,#4647,#4654,#4661,#4668,#4675,    #4682,#4689,#4696,#4703,#4710,#4717,#4724,#4731,#4738,#4745,#4752,    #4759,#4766,#4773,#4780,#4787,#4794,#4801,#4808,#4815,#4822,#4829,    #4836,#4843,#4850,#4857,#4864,#4871,#4878,#4885,#4892,#4899,#4906,    #4913,#4920,#4927,#4934,#4941,#4948,#4955,#4962,#4969,#4976,#4983,    #4990,#4997,#5004,#5011,#5018,#5025,#5032,#5039,#5046,#5053,#5060,    #5067,#5074,#5081,#5088,#5095,#5102,#5109,#5116,#5123,#5130,#5137,    #5144,#5151,#5158,#5165,#5172,#5179,#5186,#5193,#5200,#5207,#5214,    #5221,#5228,#5235,#5242,#5249,#5256,#5263,#5270,#5277,#5284,#5291,    #5298,#5305,#5312,#5319,#5326,#5333,#5340,#5347,#5354,#5361,#5368,    #5375,#5382,#5389,#5396,#5403,#5410,#5417,#5424,#5431,#5438,#5445),  #4475);
#4601 = STYLED_ITEM('color',(#4602),#57);
#4602 = PRESENTATION_STYLE_ASSIGNMENT((#4603,#4609));
#4603 = SURFACE_STYLE_USAGE(.BOTH.,#4604);
#4604 = SURFACE_SIDE_STYLE('',(#4605));
#4605 = SURFACE_STYLE_FILL_AREA(#4606);
#4606 = FILL_AREA_STYLE('',(#4607));
#4607 = FILL_AREA_STYLE_COLOUR('',#4608);
#4608 = COLOUR_RGB('',0.,0.417002959305,0.637991923926);
#4609 = CURVE_STYLE('',#4610,POSITIVE_LENGTH_MEASURE(0.1),#4608);
#4610 = DRAUGHTING_PRE_DEFINED_CURVE_FONT('continuous');
#4611 = OVER_RIDING_STYLED_ITEM('overriding color',(#4612),#59,#4601);
#4612 = PRESENTATION_STYLE_ASSIGNMENT((#4613));
#4613 = SURFACE_STYLE_USAGE(.BOTH.,#4614);
#4614 = SURFACE_SIDE_STYLE('',(#4615));
#4615 = SURFACE_STYLE_FILL_AREA(#4616);
#4616 = FILL_AREA_STYLE('',(#4617));
#4617 = FILL_AREA_STYLE_COLOUR('',#4618);
#4618 = COLOUR_RGB('',0.937179583391,0.9357410338,0.649182888601);
#4619 = OVER_RIDING_STYLED_ITEM('overriding color',(#4620),#99,#4601);
#4620 = PRESENTATION_STYLE_ASSIGNMENT((#4621));
#4621 = SURFACE_STYLE_USAGE(.BOTH.,#4622);
#4622 = SURFACE_SIDE_STYLE('',(#4623));
#4623 = SURFACE_STYLE_FILL_AREA(#4624);
#4624 = FILL_AREA_STYLE('',(#4625));
#4625 = FILL_AREA_STYLE_COLOUR('',#4618);
#4626 = OVER_RIDING_STYLED_ITEM('overriding color',(#4627),#130,#4601);
#4627 = PRESENTATION_STYLE_ASSIGNMENT((#4628));
#4628 = SURFACE_STYLE_USAGE(.BOTH.,#4629);
#4629 = SURFACE_SIDE_STYLE('',(#4630));
#4630 = SURFACE_STYLE_FILL_AREA(#4631);
#4631 = FILL_AREA_STYLE('',(#4632));
#4632 = FILL_AREA_STYLE_COLOUR('',#4618);
#4633 = OVER_RIDING_STYLED_ITEM('overriding color',(#4634),#161,#4601);
#4634 = PRESENTATION_STYLE_ASSIGNMENT((#4635));
#4635 = SURFACE_STYLE_USAGE(.BOTH.,#4636);
#4636 = SURFACE_SIDE_STYLE('',(#4637));
#4637 = SURFACE_STYLE_FILL_AREA(#4638);
#4638 = FILL_AREA_STYLE('',(#4639));
#4639 = FILL_AREA_STYLE_COLOUR('',#4618);
#4640 = OVER_RIDING_STYLED_ITEM('overriding color',(#4641),#183,#4601);
#4641 = PRESENTATION_STYLE_ASSIGNMENT((#4642));
#4642 = SURFACE_STYLE_USAGE(.BOTH.,#4643);
#4643 = SURFACE_SIDE_STYLE('',(#4644));
#4644 = SURFACE_STYLE_FILL_AREA(#4645);
#4645 = FILL_AREA_STYLE('',(#4646));
#4646 = FILL_AREA_STYLE_COLOUR('',#4618);
#4647 = OVER_RIDING_STYLED_ITEM('overriding color',(#4648),#225,#4601);
#4648 = PRESENTATION_STYLE_ASSIGNMENT((#4649));
#4649 = SURFACE_STYLE_USAGE(.BOTH.,#4650);
#4650 = SURFACE_SIDE_STYLE('',(#4651));
#4651 = SURFACE_STYLE_FILL_AREA(#4652);
#4652 = FILL_AREA_STYLE('',(#4653));
#4653 = FILL_AREA_STYLE_COLOUR('',#4618);
#4654 = OVER_RIDING_STYLED_ITEM('overriding color',(#4655),#249,#4601);
#4655 = PRESENTATION_STYLE_ASSIGNMENT((#4656));
#4656 = SURFACE_STYLE_USAGE(.BOTH.,#4657);
#4657 = SURFACE_SIDE_STYLE('',(#4658));
#4658 = SURFACE_STYLE_FILL_AREA(#4659);
#4659 = FILL_AREA_STYLE('',(#4660));
#4660 = FILL_AREA_STYLE_COLOUR('',#4618);
#4661 = OVER_RIDING_STYLED_ITEM('overriding color',(#4662),#291,#4601);
#4662 = PRESENTATION_STYLE_ASSIGNMENT((#4663));
#4663 = SURFACE_STYLE_USAGE(.BOTH.,#4664);
#4664 = SURFACE_SIDE_STYLE('',(#4665));
#4665 = SURFACE_STYLE_FILL_AREA(#4666);
#4666 = FILL_AREA_STYLE('',(#4667));
#4667 = FILL_AREA_STYLE_COLOUR('',#4618);
#4668 = OVER_RIDING_STYLED_ITEM('overriding color',(#4669),#315,#4601);
#4669 = PRESENTATION_STYLE_ASSIGNMENT((#4670));
#4670 = SURFACE_STYLE_USAGE(.BOTH.,#4671);
#4671 = SURFACE_SIDE_STYLE('',(#4672));
#4672 = SURFACE_STYLE_FILL_AREA(#4673);
#4673 = FILL_AREA_STYLE('',(#4674));
#4674 = FILL_AREA_STYLE_COLOUR('',#4618);
#4675 = OVER_RIDING_STYLED_ITEM('overriding color',(#4676),#357,#4601);
#4676 = PRESENTATION_STYLE_ASSIGNMENT((#4677));
#4677 = SURFACE_STYLE_USAGE(.BOTH.,#4678);
#4678 = SURFACE_SIDE_STYLE('',(#4679));
#4679 = SURFACE_STYLE_FILL_AREA(#4680);
#4680 = FILL_AREA_STYLE('',(#4681));
#4681 = FILL_AREA_STYLE_COLOUR('',#4618);
#4682 = OVER_RIDING_STYLED_ITEM('overriding color',(#4683),#381,#4601);
#4683 = PRESENTATION_STYLE_ASSIGNMENT((#4684));
#4684 = SURFACE_STYLE_USAGE(.BOTH.,#4685);
#4685 = SURFACE_SIDE_STYLE('',(#4686));
#4686 = SURFACE_STYLE_FILL_AREA(#4687);
#4687 = FILL_AREA_STYLE('',(#4688));
#4688 = FILL_AREA_STYLE_COLOUR('',#4618);
#4689 = OVER_RIDING_STYLED_ITEM('overriding color',(#4690),#423,#4601);
#4690 = PRESENTATION_STYLE_ASSIGNMENT((#4691));
#4691 = SURFACE_STYLE_USAGE(.BOTH.,#4692);
#4692 = SURFACE_SIDE_STYLE('',(#4693));
#4693 = SURFACE_STYLE_FILL_AREA(#4694);
#4694 = FILL_AREA_STYLE('',(#4695));
#4695 = FILL_AREA_STYLE_COLOUR('',#4618);
#4696 = OVER_RIDING_STYLED_ITEM('overriding color',(#4697),#447,#4601);
#4697 = PRESENTATION_STYLE_ASSIGNMENT((#4698));
#4698 = SURFACE_STYLE_USAGE(.BOTH.,#4699);
#4699 = SURFACE_SIDE_STYLE('',(#4700));
#4700 = SURFACE_STYLE_FILL_AREA(#4701);
#4701 = FILL_AREA_STYLE('',(#4702));
#4702 = FILL_AREA_STYLE_COLOUR('',#4618);
#4703 = OVER_RIDING_STYLED_ITEM('overriding color',(#4704),#489,#4601);
#4704 = PRESENTATION_STYLE_ASSIGNMENT((#4705));
#4705 = SURFACE_STYLE_USAGE(.BOTH.,#4706);
#4706 = SURFACE_SIDE_STYLE('',(#4707));
#4707 = SURFACE_STYLE_FILL_AREA(#4708);
#4708 = FILL_AREA_STYLE('',(#4709));
#4709 = FILL_AREA_STYLE_COLOUR('',#4618);
#4710 = OVER_RIDING_STYLED_ITEM('overriding color',(#4711),#513,#4601);
#4711 = PRESENTATION_STYLE_ASSIGNMENT((#4712));
#4712 = SURFACE_STYLE_USAGE(.BOTH.,#4713);
#4713 = SURFACE_SIDE_STYLE('',(#4714));
#4714 = SURFACE_STYLE_FILL_AREA(#4715);
#4715 = FILL_AREA_STYLE('',(#4716));
#4716 = FILL_AREA_STYLE_COLOUR('',#4618);
#4717 = OVER_RIDING_STYLED_ITEM('overriding color',(#4718),#555,#4601);
#4718 = PRESENTATION_STYLE_ASSIGNMENT((#4719));
#4719 = SURFACE_STYLE_USAGE(.BOTH.,#4720);
#4720 = SURFACE_SIDE_STYLE('',(#4721));
#4721 = SURFACE_STYLE_FILL_AREA(#4722);
#4722 = FILL_AREA_STYLE('',(#4723));
#4723 = FILL_AREA_STYLE_COLOUR('',#4618);
#4724 = OVER_RIDING_STYLED_ITEM('overriding color',(#4725),#579,#4601);
#4725 = PRESENTATION_STYLE_ASSIGNMENT((#4726));
#4726 = SURFACE_STYLE_USAGE(.BOTH.,#4727);
#4727 = SURFACE_SIDE_STYLE('',(#4728));
#4728 = SURFACE_STYLE_FILL_AREA(#4729);
#4729 = FILL_AREA_STYLE('',(#4730));
#4730 = FILL_AREA_STYLE_COLOUR('',#4618);
#4731 = OVER_RIDING_STYLED_ITEM('overriding color',(#4732),#621,#4601);
#4732 = PRESENTATION_STYLE_ASSIGNMENT((#4733));
#4733 = SURFACE_STYLE_USAGE(.BOTH.,#4734);
#4734 = SURFACE_SIDE_STYLE('',(#4735));
#4735 = SURFACE_STYLE_FILL_AREA(#4736);
#4736 = FILL_AREA_STYLE('',(#4737));
#4737 = FILL_AREA_STYLE_COLOUR('',#4618);
#4738 = OVER_RIDING_STYLED_ITEM('overriding color',(#4739),#645,#4601);
#4739 = PRESENTATION_STYLE_ASSIGNMENT((#4740));
#4740 = SURFACE_STYLE_USAGE(.BOTH.,#4741);
#4741 = SURFACE_SIDE_STYLE('',(#4742));
#4742 = SURFACE_STYLE_FILL_AREA(#4743);
#4743 = FILL_AREA_STYLE('',(#4744));
#4744 = FILL_AREA_STYLE_COLOUR('',#4618);
#4745 = OVER_RIDING_STYLED_ITEM('overriding color',(#4746),#687,#4601);
#4746 = PRESENTATION_STYLE_ASSIGNMENT((#4747));
#4747 = SURFACE_STYLE_USAGE(.BOTH.,#4748);
#4748 = SURFACE_SIDE_STYLE('',(#4749));
#4749 = SURFACE_STYLE_FILL_AREA(#4750);
#4750 = FILL_AREA_STYLE('',(#4751));
#4751 = FILL_AREA_STYLE_COLOUR('',#4618);
#4752 = OVER_RIDING_STYLED_ITEM('overriding color',(#4753),#711,#4601);
#4753 = PRESENTATION_STYLE_ASSIGNMENT((#4754));
#4754 = SURFACE_STYLE_USAGE(.BOTH.,#4755);
#4755 = SURFACE_SIDE_STYLE('',(#4756));
#4756 = SURFACE_STYLE_FILL_AREA(#4757);
#4757 = FILL_AREA_STYLE('',(#4758));
#4758 = FILL_AREA_STYLE_COLOUR('',#4618);
#4759 = OVER_RIDING_STYLED_ITEM('overriding color',(#4760),#753,#4601);
#4760 = PRESENTATION_STYLE_ASSIGNMENT((#4761));
#4761 = SURFACE_STYLE_USAGE(.BOTH.,#4762);
#4762 = SURFACE_SIDE_STYLE('',(#4763));
#4763 = SURFACE_STYLE_FILL_AREA(#4764);
#4764 = FILL_AREA_STYLE('',(#4765));
#4765 = FILL_AREA_STYLE_COLOUR('',#4618);
#4766 = OVER_RIDING_STYLED_ITEM('overriding color',(#4767),#777,#4601);
#4767 = PRESENTATION_STYLE_ASSIGNMENT((#4768));
#4768 = SURFACE_STYLE_USAGE(.BOTH.,#4769);
#4769 = SURFACE_SIDE_STYLE('',(#4770));
#4770 = SURFACE_STYLE_FILL_AREA(#4771);
#4771 = FILL_AREA_STYLE('',(#4772));
#4772 = FILL_AREA_STYLE_COLOUR('',#4618);
#4773 = OVER_RIDING_STYLED_ITEM('overriding color',(#4774),#819,#4601);
#4774 = PRESENTATION_STYLE_ASSIGNMENT((#4775));
#4775 = SURFACE_STYLE_USAGE(.BOTH.,#4776);
#4776 = SURFACE_SIDE_STYLE('',(#4777));
#4777 = SURFACE_STYLE_FILL_AREA(#4778);
#4778 = FILL_AREA_STYLE('',(#4779));
#4779 = FILL_AREA_STYLE_COLOUR('',#4618);
#4780 = OVER_RIDING_STYLED_ITEM('overriding color',(#4781),#843,#4601);
#4781 = PRESENTATION_STYLE_ASSIGNMENT((#4782));
#4782 = SURFACE_STYLE_USAGE(.BOTH.,#4783);
#4783 = SURFACE_SIDE_STYLE('',(#4784));
#4784 = SURFACE_STYLE_FILL_AREA(#4785);
#4785 = FILL_AREA_STYLE('',(#4786));
#4786 = FILL_AREA_STYLE_COLOUR('',#4618);
#4787 = OVER_RIDING_STYLED_ITEM('overriding color',(#4788),#885,#4601);
#4788 = PRESENTATION_STYLE_ASSIGNMENT((#4789));
#4789 = SURFACE_STYLE_USAGE(.BOTH.,#4790);
#4790 = SURFACE_SIDE_STYLE('',(#4791));
#4791 = SURFACE_STYLE_FILL_AREA(#4792);
#4792 = FILL_AREA_STYLE('',(#4793));
#4793 = FILL_AREA_STYLE_COLOUR('',#4618);
#4794 = OVER_RIDING_STYLED_ITEM('overriding color',(#4795),#909,#4601);
#4795 = PRESENTATION_STYLE_ASSIGNMENT((#4796));
#4796 = SURFACE_STYLE_USAGE(.BOTH.,#4797);
#4797 = SURFACE_SIDE_STYLE('',(#4798));
#4798 = SURFACE_STYLE_FILL_AREA(#4799);
#4799 = FILL_AREA_STYLE('',(#4800));
#4800 = FILL_AREA_STYLE_COLOUR('',#4618);
#4801 = OVER_RIDING_STYLED_ITEM('overriding color',(#4802),#951,#4601);
#4802 = PRESENTATION_STYLE_ASSIGNMENT((#4803));
#4803 = SURFACE_STYLE_USAGE(.BOTH.,#4804);
#4804 = SURFACE_SIDE_STYLE('',(#4805));
#4805 = SURFACE_STYLE_FILL_AREA(#4806);
#4806 = FILL_AREA_STYLE('',(#4807));
#4807 = FILL_AREA_STYLE_COLOUR('',#4618);
#4808 = OVER_RIDING_STYLED_ITEM('overriding color',(#4809),#975,#4601);
#4809 = PRESENTATION_STYLE_ASSIGNMENT((#4810));
#4810 = SURFACE_STYLE_USAGE(.BOTH.,#4811);
#4811 = SURFACE_SIDE_STYLE('',(#4812));
#4812 = SURFACE_STYLE_FILL_AREA(#4813);
#4813 = FILL_AREA_STYLE('',(#4814));
#4814 = FILL_AREA_STYLE_COLOUR('',#4618);
#4815 = OVER_RIDING_STYLED_ITEM('overriding color',(#4816),#1017,#4601);
#4816 = PRESENTATION_STYLE_ASSIGNMENT((#4817));
#4817 = SURFACE_STYLE_USAGE(.BOTH.,#4818);
#4818 = SURFACE_SIDE_STYLE('',(#4819));
#4819 = SURFACE_STYLE_FILL_AREA(#4820);
#4820 = FILL_AREA_STYLE('',(#4821));
#4821 = FILL_AREA_STYLE_COLOUR('',#4618);
#4822 = OVER_RIDING_STYLED_ITEM('overriding color',(#4823),#1041,#4601);
#4823 = PRESENTATION_STYLE_ASSIGNMENT((#4824));
#4824 = SURFACE_STYLE_USAGE(.BOTH.,#4825);
#4825 = SURFACE_SIDE_STYLE('',(#4826));
#4826 = SURFACE_STYLE_FILL_AREA(#4827);
#4827 = FILL_AREA_STYLE('',(#4828));
#4828 = FILL_AREA_STYLE_COLOUR('',#4618);
#4829 = OVER_RIDING_STYLED_ITEM('overriding color',(#4830),#1083,#4601);
#4830 = PRESENTATION_STYLE_ASSIGNMENT((#4831));
#4831 = SURFACE_STYLE_USAGE(.BOTH.,#4832);
#4832 = SURFACE_SIDE_STYLE('',(#4833));
#4833 = SURFACE_STYLE_FILL_AREA(#4834);
#4834 = FILL_AREA_STYLE('',(#4835));
#4835 = FILL_AREA_STYLE_COLOUR('',#4618);
#4836 = OVER_RIDING_STYLED_ITEM('overriding color',(#4837),#1107,#4601);
#4837 = PRESENTATION_STYLE_ASSIGNMENT((#4838));
#4838 = SURFACE_STYLE_USAGE(.BOTH.,#4839);
#4839 = SURFACE_SIDE_STYLE('',(#4840));
#4840 = SURFACE_STYLE_FILL_AREA(#4841);
#4841 = FILL_AREA_STYLE('',(#4842));
#4842 = FILL_AREA_STYLE_COLOUR('',#4618);
#4843 = OVER_RIDING_STYLED_ITEM('overriding color',(#4844),#1149,#4601);
#4844 = PRESENTATION_STYLE_ASSIGNMENT((#4845));
#4845 = SURFACE_STYLE_USAGE(.BOTH.,#4846);
#4846 = SURFACE_SIDE_STYLE('',(#4847));
#4847 = SURFACE_STYLE_FILL_AREA(#4848);
#4848 = FILL_AREA_STYLE('',(#4849));
#4849 = FILL_AREA_STYLE_COLOUR('',#4618);
#4850 = OVER_RIDING_STYLED_ITEM('overriding color',(#4851),#1173,#4601);
#4851 = PRESENTATION_STYLE_ASSIGNMENT((#4852));
#4852 = SURFACE_STYLE_USAGE(.BOTH.,#4853);
#4853 = SURFACE_SIDE_STYLE('',(#4854));
#4854 = SURFACE_STYLE_FILL_AREA(#4855);
#4855 = FILL_AREA_STYLE('',(#4856));
#4856 = FILL_AREA_STYLE_COLOUR('',#4618);
#4857 = OVER_RIDING_STYLED_ITEM('overriding color',(#4858),#1215,#4601);
#4858 = PRESENTATION_STYLE_ASSIGNMENT((#4859));
#4859 = SURFACE_STYLE_USAGE(.BOTH.,#4860);
#4860 = SURFACE_SIDE_STYLE('',(#4861));
#4861 = SURFACE_STYLE_FILL_AREA(#4862);
#4862 = FILL_AREA_STYLE('',(#4863));
#4863 = FILL_AREA_STYLE_COLOUR('',#4618);
#4864 = OVER_RIDING_STYLED_ITEM('overriding color',(#4865),#1239,#4601);
#4865 = PRESENTATION_STYLE_ASSIGNMENT((#4866));
#4866 = SURFACE_STYLE_USAGE(.BOTH.,#4867);
#4867 = SURFACE_SIDE_STYLE('',(#4868));
#4868 = SURFACE_STYLE_FILL_AREA(#4869);
#4869 = FILL_AREA_STYLE('',(#4870));
#4870 = FILL_AREA_STYLE_COLOUR('',#4618);
#4871 = OVER_RIDING_STYLED_ITEM('overriding color',(#4872),#1281,#4601);
#4872 = PRESENTATION_STYLE_ASSIGNMENT((#4873));
#4873 = SURFACE_STYLE_USAGE(.BOTH.,#4874);
#4874 = SURFACE_SIDE_STYLE('',(#4875));
#4875 = SURFACE_STYLE_FILL_AREA(#4876);
#4876 = FILL_AREA_STYLE('',(#4877));
#4877 = FILL_AREA_STYLE_COLOUR('',#4618);
#4878 = OVER_RIDING_STYLED_ITEM('overriding color',(#4879),#1305,#4601);
#4879 = PRESENTATION_STYLE_ASSIGNMENT((#4880));
#4880 = SURFACE_STYLE_USAGE(.BOTH.,#4881);
#4881 = SURFACE_SIDE_STYLE('',(#4882));
#4882 = SURFACE_STYLE_FILL_AREA(#4883);
#4883 = FILL_AREA_STYLE('',(#4884));
#4884 = FILL_AREA_STYLE_COLOUR('',#4618);
#4885 = OVER_RIDING_STYLED_ITEM('overriding color',(#4886),#1347,#4601);
#4886 = PRESENTATION_STYLE_ASSIGNMENT((#4887));
#4887 = SURFACE_STYLE_USAGE(.BOTH.,#4888);
#4888 = SURFACE_SIDE_STYLE('',(#4889));
#4889 = SURFACE_STYLE_FILL_AREA(#4890);
#4890 = FILL_AREA_STYLE('',(#4891));
#4891 = FILL_AREA_STYLE_COLOUR('',#4618);
#4892 = OVER_RIDING_STYLED_ITEM('overriding color',(#4893),#1371,#4601);
#4893 = PRESENTATION_STYLE_ASSIGNMENT((#4894));
#4894 = SURFACE_STYLE_USAGE(.BOTH.,#4895);
#4895 = SURFACE_SIDE_STYLE('',(#4896));
#4896 = SURFACE_STYLE_FILL_AREA(#4897);
#4897 = FILL_AREA_STYLE('',(#4898));
#4898 = FILL_AREA_STYLE_COLOUR('',#4618);
#4899 = OVER_RIDING_STYLED_ITEM('overriding color',(#4900),#1413,#4601);
#4900 = PRESENTATION_STYLE_ASSIGNMENT((#4901));
#4901 = SURFACE_STYLE_USAGE(.BOTH.,#4902);
#4902 = SURFACE_SIDE_STYLE('',(#4903));
#4903 = SURFACE_STYLE_FILL_AREA(#4904);
#4904 = FILL_AREA_STYLE('',(#4905));
#4905 = FILL_AREA_STYLE_COLOUR('',#4618);
#4906 = OVER_RIDING_STYLED_ITEM('overriding color',(#4907),#1437,#4601);
#4907 = PRESENTATION_STYLE_ASSIGNMENT((#4908));
#4908 = SURFACE_STYLE_USAGE(.BOTH.,#4909);
#4909 = SURFACE_SIDE_STYLE('',(#4910));
#4910 = SURFACE_STYLE_FILL_AREA(#4911);
#4911 = FILL_AREA_STYLE('',(#4912));
#4912 = FILL_AREA_STYLE_COLOUR('',#4618);
#4913 = OVER_RIDING_STYLED_ITEM('overriding color',(#4914),#1479,#4601);
#4914 = PRESENTATION_STYLE_ASSIGNMENT((#4915));
#4915 = SURFACE_STYLE_USAGE(.BOTH.,#4916);
#4916 = SURFACE_SIDE_STYLE('',(#4917));
#4917 = SURFACE_STYLE_FILL_AREA(#4918);
#4918 = FILL_AREA_STYLE('',(#4919));
#4919 = FILL_AREA_STYLE_COLOUR('',#4618);
#4920 = OVER_RIDING_STYLED_ITEM('overriding color',(#4921),#1503,#4601);
#4921 = PRESENTATION_STYLE_ASSIGNMENT((#4922));
#4922 = SURFACE_STYLE_USAGE(.BOTH.,#4923);
#4923 = SURFACE_SIDE_STYLE('',(#4924));
#4924 = SURFACE_STYLE_FILL_AREA(#4925);
#4925 = FILL_AREA_STYLE('',(#4926));
#4926 = FILL_AREA_STYLE_COLOUR('',#4618);
#4927 = OVER_RIDING_STYLED_ITEM('overriding color',(#4928),#1545,#4601);
#4928 = PRESENTATION_STYLE_ASSIGNMENT((#4929));
#4929 = SURFACE_STYLE_USAGE(.BOTH.,#4930);
#4930 = SURFACE_SIDE_STYLE('',(#4931));
#4931 = SURFACE_STYLE_FILL_AREA(#4932);
#4932 = FILL_AREA_STYLE('',(#4933));
#4933 = FILL_AREA_STYLE_COLOUR('',#4618);
#4934 = OVER_RIDING_STYLED_ITEM('overriding color',(#4935),#1569,#4601);
#4935 = PRESENTATION_STYLE_ASSIGNMENT((#4936));
#4936 = SURFACE_STYLE_USAGE(.BOTH.,#4937);
#4937 = SURFACE_SIDE_STYLE('',(#4938));
#4938 = SURFACE_STYLE_FILL_AREA(#4939);
#4939 = FILL_AREA_STYLE('',(#4940));
#4940 = FILL_AREA_STYLE_COLOUR('',#4618);
#4941 = OVER_RIDING_STYLED_ITEM('overriding color',(#4942),#1611,#4601);
#4942 = PRESENTATION_STYLE_ASSIGNMENT((#4943));
#4943 = SURFACE_STYLE_USAGE(.BOTH.,#4944);
#4944 = SURFACE_SIDE_STYLE('',(#4945));
#4945 = SURFACE_STYLE_FILL_AREA(#4946);
#4946 = FILL_AREA_STYLE('',(#4947));
#4947 = FILL_AREA_STYLE_COLOUR('',#4618);
#4948 = OVER_RIDING_STYLED_ITEM('overriding color',(#4949),#1635,#4601);
#4949 = PRESENTATION_STYLE_ASSIGNMENT((#4950));
#4950 = SURFACE_STYLE_USAGE(.BOTH.,#4951);
#4951 = SURFACE_SIDE_STYLE('',(#4952));
#4952 = SURFACE_STYLE_FILL_AREA(#4953);
#4953 = FILL_AREA_STYLE('',(#4954));
#4954 = FILL_AREA_STYLE_COLOUR('',#4618);
#4955 = OVER_RIDING_STYLED_ITEM('overriding color',(#4956),#1677,#4601);
#4956 = PRESENTATION_STYLE_ASSIGNMENT((#4957));
#4957 = SURFACE_STYLE_USAGE(.BOTH.,#4958);
#4958 = SURFACE_SIDE_STYLE('',(#4959));
#4959 = SURFACE_STYLE_FILL_AREA(#4960);
#4960 = FILL_AREA_STYLE('',(#4961));
#4961 = FILL_AREA_STYLE_COLOUR('',#4618);
#4962 = OVER_RIDING_STYLED_ITEM('overriding color',(#4963),#1701,#4601);
#4963 = PRESENTATION_STYLE_ASSIGNMENT((#4964));
#4964 = SURFACE_STYLE_USAGE(.BOTH.,#4965);
#4965 = SURFACE_SIDE_STYLE('',(#4966));
#4966 = SURFACE_STYLE_FILL_AREA(#4967);
#4967 = FILL_AREA_STYLE('',(#4968));
#4968 = FILL_AREA_STYLE_COLOUR('',#4618);
#4969 = OVER_RIDING_STYLED_ITEM('overriding color',(#4970),#1743,#4601);
#4970 = PRESENTATION_STYLE_ASSIGNMENT((#4971));
#4971 = SURFACE_STYLE_USAGE(.BOTH.,#4972);
#4972 = SURFACE_SIDE_STYLE('',(#4973));
#4973 = SURFACE_STYLE_FILL_AREA(#4974);
#4974 = FILL_AREA_STYLE('',(#4975));
#4975 = FILL_AREA_STYLE_COLOUR('',#4618);
#4976 = OVER_RIDING_STYLED_ITEM('overriding color',(#4977),#1767,#4601);
#4977 = PRESENTATION_STYLE_ASSIGNMENT((#4978));
#4978 = SURFACE_STYLE_USAGE(.BOTH.,#4979);
#4979 = SURFACE_SIDE_STYLE('',(#4980));
#4980 = SURFACE_STYLE_FILL_AREA(#4981);
#4981 = FILL_AREA_STYLE('',(#4982));
#4982 = FILL_AREA_STYLE_COLOUR('',#4618);
#4983 = OVER_RIDING_STYLED_ITEM('overriding color',(#4984),#1809,#4601);
#4984 = PRESENTATION_STYLE_ASSIGNMENT((#4985));
#4985 = SURFACE_STYLE_USAGE(.BOTH.,#4986);
#4986 = SURFACE_SIDE_STYLE('',(#4987));
#4987 = SURFACE_STYLE_FILL_AREA(#4988);
#4988 = FILL_AREA_STYLE('',(#4989));
#4989 = FILL_AREA_STYLE_COLOUR('',#4618);
#4990 = OVER_RIDING_STYLED_ITEM('overriding color',(#4991),#1833,#4601);
#4991 = PRESENTATION_STYLE_ASSIGNMENT((#4992));
#4992 = SURFACE_STYLE_USAGE(.BOTH.,#4993);
#4993 = SURFACE_SIDE_STYLE('',(#4994));
#4994 = SURFACE_STYLE_FILL_AREA(#4995);
#4995 = FILL_AREA_STYLE('',(#4996));
#4996 = FILL_AREA_STYLE_COLOUR('',#4618);
#4997 = OVER_RIDING_STYLED_ITEM('overriding color',(#4998),#1875,#4601);
#4998 = PRESENTATION_STYLE_ASSIGNMENT((#4999));
#4999 = SURFACE_STYLE_USAGE(.BOTH.,#5000);
#5000 = SURFACE_SIDE_STYLE('',(#5001));
#5001 = SURFACE_STYLE_FILL_AREA(#5002);
#5002 = FILL_AREA_STYLE('',(#5003));
#5003 = FILL_AREA_STYLE_COLOUR('',#4618);
#5004 = OVER_RIDING_STYLED_ITEM('overriding color',(#5005),#1899,#4601);
#5005 = PRESENTATION_STYLE_ASSIGNMENT((#5006));
#5006 = SURFACE_STYLE_USAGE(.BOTH.,#5007);
#5007 = SURFACE_SIDE_STYLE('',(#5008));
#5008 = SURFACE_STYLE_FILL_AREA(#5009);
#5009 = FILL_AREA_STYLE('',(#5010));
#5010 = FILL_AREA_STYLE_COLOUR('',#4618);
#5011 = OVER_RIDING_STYLED_ITEM('overriding color',(#5012),#1941,#4601);
#5012 = PRESENTATION_STYLE_ASSIGNMENT((#5013));
#5013 = SURFACE_STYLE_USAGE(.BOTH.,#5014);
#5014 = SURFACE_SIDE_STYLE('',(#5015));
#5015 = SURFACE_STYLE_FILL_AREA(#5016);
#5016 = FILL_AREA_STYLE('',(#5017));
#5017 = FILL_AREA_STYLE_COLOUR('',#4618);
#5018 = OVER_RIDING_STYLED_ITEM('overriding color',(#5019),#1965,#4601);
#5019 = PRESENTATION_STYLE_ASSIGNMENT((#5020));
#5020 = SURFACE_STYLE_USAGE(.BOTH.,#5021);
#5021 = SURFACE_SIDE_STYLE('',(#5022));
#5022 = SURFACE_STYLE_FILL_AREA(#5023);
#5023 = FILL_AREA_STYLE('',(#5024));
#5024 = FILL_AREA_STYLE_COLOUR('',#4618);
#5025 = OVER_RIDING_STYLED_ITEM('overriding color',(#5026),#2007,#4601);
#5026 = PRESENTATION_STYLE_ASSIGNMENT((#5027));
#5027 = SURFACE_STYLE_USAGE(.BOTH.,#5028);
#5028 = SURFACE_SIDE_STYLE('',(#5029));
#5029 = SURFACE_STYLE_FILL_AREA(#5030);
#5030 = FILL_AREA_STYLE('',(#5031));
#5031 = FILL_AREA_STYLE_COLOUR('',#4618);
#5032 = OVER_RIDING_STYLED_ITEM('overriding color',(#5033),#2031,#4601);
#5033 = PRESENTATION_STYLE_ASSIGNMENT((#5034));
#5034 = SURFACE_STYLE_USAGE(.BOTH.,#5035);
#5035 = SURFACE_SIDE_STYLE('',(#5036));
#5036 = SURFACE_STYLE_FILL_AREA(#5037);
#5037 = FILL_AREA_STYLE('',(#5038));
#5038 = FILL_AREA_STYLE_COLOUR('',#4618);
#5039 = OVER_RIDING_STYLED_ITEM('overriding color',(#5040),#2073,#4601);
#5040 = PRESENTATION_STYLE_ASSIGNMENT((#5041));
#5041 = SURFACE_STYLE_USAGE(.BOTH.,#5042);
#5042 = SURFACE_SIDE_STYLE('',(#5043));
#5043 = SURFACE_STYLE_FILL_AREA(#5044);
#5044 = FILL_AREA_STYLE('',(#5045));
#5045 = FILL_AREA_STYLE_COLOUR('',#4618);
#5046 = OVER_RIDING_STYLED_ITEM('overriding color',(#5047),#2097,#4601);
#5047 = PRESENTATION_STYLE_ASSIGNMENT((#5048));
#5048 = SURFACE_STYLE_USAGE(.BOTH.,#5049);
#5049 = SURFACE_SIDE_STYLE('',(#5050));
#5050 = SURFACE_STYLE_FILL_AREA(#5051);
#5051 = FILL_AREA_STYLE('',(#5052));
#5052 = FILL_AREA_STYLE_COLOUR('',#4618);
#5053 = OVER_RIDING_STYLED_ITEM('overriding color',(#5054),#2139,#4601);
#5054 = PRESENTATION_STYLE_ASSIGNMENT((#5055));
#5055 = SURFACE_STYLE_USAGE(.BOTH.,#5056);
#5056 = SURFACE_SIDE_STYLE('',(#5057));
#5057 = SURFACE_STYLE_FILL_AREA(#5058);
#5058 = FILL_AREA_STYLE('',(#5059));
#5059 = FILL_AREA_STYLE_COLOUR('',#4618);
#5060 = OVER_RIDING_STYLED_ITEM('overriding color',(#5061),#2163,#4601);
#5061 = PRESENTATION_STYLE_ASSIGNMENT((#5062));
#5062 = SURFACE_STYLE_USAGE(.BOTH.,#5063);
#5063 = SURFACE_SIDE_STYLE('',(#5064));
#5064 = SURFACE_STYLE_FILL_AREA(#5065);
#5065 = FILL_AREA_STYLE('',(#5066));
#5066 = FILL_AREA_STYLE_COLOUR('',#4618);
#5067 = OVER_RIDING_STYLED_ITEM('overriding color',(#5068),#2205,#4601);
#5068 = PRESENTATION_STYLE_ASSIGNMENT((#5069));
#5069 = SURFACE_STYLE_USAGE(.BOTH.,#5070);
#5070 = SURFACE_SIDE_STYLE('',(#5071));
#5071 = SURFACE_STYLE_FILL_AREA(#5072);
#5072 = FILL_AREA_STYLE('',(#5073));
#5073 = FILL_AREA_STYLE_COLOUR('',#4618);
#5074 = OVER_RIDING_STYLED_ITEM('overriding color',(#5075),#2229,#4601);
#5075 = PRESENTATION_STYLE_ASSIGNMENT((#5076));
#5076 = SURFACE_STYLE_USAGE(.BOTH.,#5077);
#5077 = SURFACE_SIDE_STYLE('',(#5078));
#5078 = SURFACE_STYLE_FILL_AREA(#5079);
#5079 = FILL_AREA_STYLE('',(#5080));
#5080 = FILL_AREA_STYLE_COLOUR('',#4618);
#5081 = OVER_RIDING_STYLED_ITEM('overriding color',(#5082),#2271,#4601);
#5082 = PRESENTATION_STYLE_ASSIGNMENT((#5083));
#5083 = SURFACE_STYLE_USAGE(.BOTH.,#5084);
#5084 = SURFACE_SIDE_STYLE('',(#5085));
#5085 = SURFACE_STYLE_FILL_AREA(#5086);
#5086 = FILL_AREA_STYLE('',(#5087));
#5087 = FILL_AREA_STYLE_COLOUR('',#4618);
#5088 = OVER_RIDING_STYLED_ITEM('overriding color',(#5089),#2295,#4601);
#5089 = PRESENTATION_STYLE_ASSIGNMENT((#5090));
#5090 = SURFACE_STYLE_USAGE(.BOTH.,#5091);
#5091 = SURFACE_SIDE_STYLE('',(#5092));
#5092 = SURFACE_STYLE_FILL_AREA(#5093);
#5093 = FILL_AREA_STYLE('',(#5094));
#5094 = FILL_AREA_STYLE_COLOUR('',#4618);
#5095 = OVER_RIDING_STYLED_ITEM('overriding color',(#5096),#2337,#4601);
#5096 = PRESENTATION_STYLE_ASSIGNMENT((#5097));
#5097 = SURFACE_STYLE_USAGE(.BOTH.,#5098);
#5098 = SURFACE_SIDE_STYLE('',(#5099));
#5099 = SURFACE_STYLE_FILL_AREA(#5100);
#5100 = FILL_AREA_STYLE('',(#5101));
#5101 = FILL_AREA_STYLE_COLOUR('',#4618);
#5102 = OVER_RIDING_STYLED_ITEM('overriding color',(#5103),#2361,#4601);
#5103 = PRESENTATION_STYLE_ASSIGNMENT((#5104));
#5104 = SURFACE_STYLE_USAGE(.BOTH.,#5105);
#5105 = SURFACE_SIDE_STYLE('',(#5106));
#5106 = SURFACE_STYLE_FILL_AREA(#5107);
#5107 = FILL_AREA_STYLE('',(#5108));
#5108 = FILL_AREA_STYLE_COLOUR('',#4618);
#5109 = OVER_RIDING_STYLED_ITEM('overriding color',(#5110),#2403,#4601);
#5110 = PRESENTATION_STYLE_ASSIGNMENT((#5111));
#5111 = SURFACE_STYLE_USAGE(.BOTH.,#5112);
#5112 = SURFACE_SIDE_STYLE('',(#5113));
#5113 = SURFACE_STYLE_FILL_AREA(#5114);
#5114 = FILL_AREA_STYLE('',(#5115));
#5115 = FILL_AREA_STYLE_COLOUR('',#4618);
#5116 = OVER_RIDING_STYLED_ITEM('overriding color',(#5117),#2427,#4601);
#5117 = PRESENTATION_STYLE_ASSIGNMENT((#5118));
#5118 = SURFACE_STYLE_USAGE(.BOTH.,#5119);
#5119 = SURFACE_SIDE_STYLE('',(#5120));
#5120 = SURFACE_STYLE_FILL_AREA(#5121);
#5121 = FILL_AREA_STYLE('',(#5122));
#5122 = FILL_AREA_STYLE_COLOUR('',#4618);
#5123 = OVER_RIDING_STYLED_ITEM('overriding color',(#5124),#2469,#4601);
#5124 = PRESENTATION_STYLE_ASSIGNMENT((#5125));
#5125 = SURFACE_STYLE_USAGE(.BOTH.,#5126);
#5126 = SURFACE_SIDE_STYLE('',(#5127));
#5127 = SURFACE_STYLE_FILL_AREA(#5128);
#5128 = FILL_AREA_STYLE('',(#5129));
#5129 = FILL_AREA_STYLE_COLOUR('',#4618);
#5130 = OVER_RIDING_STYLED_ITEM('overriding color',(#5131),#2493,#4601);
#5131 = PRESENTATION_STYLE_ASSIGNMENT((#5132));
#5132 = SURFACE_STYLE_USAGE(.BOTH.,#5133);
#5133 = SURFACE_SIDE_STYLE('',(#5134));
#5134 = SURFACE_STYLE_FILL_AREA(#5135);
#5135 = FILL_AREA_STYLE('',(#5136));
#5136 = FILL_AREA_STYLE_COLOUR('',#4618);
#5137 = OVER_RIDING_STYLED_ITEM('overriding color',(#5138),#2535,#4601);
#5138 = PRESENTATION_STYLE_ASSIGNMENT((#5139));
#5139 = SURFACE_STYLE_USAGE(.BOTH.,#5140);
#5140 = SURFACE_SIDE_STYLE('',(#5141));
#5141 = SURFACE_STYLE_FILL_AREA(#5142);
#5142 = FILL_AREA_STYLE('',(#5143));
#5143 = FILL_AREA_STYLE_COLOUR('',#4618);
#5144 = OVER_RIDING_STYLED_ITEM('overriding color',(#5145),#2559,#4601);
#5145 = PRESENTATION_STYLE_ASSIGNMENT((#5146));
#5146 = SURFACE_STYLE_USAGE(.BOTH.,#5147);
#5147 = SURFACE_SIDE_STYLE('',(#5148));
#5148 = SURFACE_STYLE_FILL_AREA(#5149);
#5149 = FILL_AREA_STYLE('',(#5150));
#5150 = FILL_AREA_STYLE_COLOUR('',#4618);
#5151 = OVER_RIDING_STYLED_ITEM('overriding color',(#5152),#2601,#4601);
#5152 = PRESENTATION_STYLE_ASSIGNMENT((#5153));
#5153 = SURFACE_STYLE_USAGE(.BOTH.,#5154);
#5154 = SURFACE_SIDE_STYLE('',(#5155));
#5155 = SURFACE_STYLE_FILL_AREA(#5156);
#5156 = FILL_AREA_STYLE('',(#5157));
#5157 = FILL_AREA_STYLE_COLOUR('',#4618);
#5158 = OVER_RIDING_STYLED_ITEM('overriding color',(#5159),#2625,#4601);
#5159 = PRESENTATION_STYLE_ASSIGNMENT((#5160));
#5160 = SURFACE_STYLE_USAGE(.BOTH.,#5161);
#5161 = SURFACE_SIDE_STYLE('',(#5162));
#5162 = SURFACE_STYLE_FILL_AREA(#5163);
#5163 = FILL_AREA_STYLE('',(#5164));
#5164 = FILL_AREA_STYLE_COLOUR('',#4618);
#5165 = OVER_RIDING_STYLED_ITEM('overriding color',(#5166),#2667,#4601);
#5166 = PRESENTATION_STYLE_ASSIGNMENT((#5167));
#5167 = SURFACE_STYLE_USAGE(.BOTH.,#5168);
#5168 = SURFACE_SIDE_STYLE('',(#5169));
#5169 = SURFACE_STYLE_FILL_AREA(#5170);
#5170 = FILL_AREA_STYLE('',(#5171));
#5171 = FILL_AREA_STYLE_COLOUR('',#4618);
#5172 = OVER_RIDING_STYLED_ITEM('overriding color',(#5173),#2691,#4601);
#5173 = PRESENTATION_STYLE_ASSIGNMENT((#5174));
#5174 = SURFACE_STYLE_USAGE(.BOTH.,#5175);
#5175 = SURFACE_SIDE_STYLE('',(#5176));
#5176 = SURFACE_STYLE_FILL_AREA(#5177);
#5177 = FILL_AREA_STYLE('',(#5178));
#5178 = FILL_AREA_STYLE_COLOUR('',#4618);
#5179 = OVER_RIDING_STYLED_ITEM('overriding color',(#5180),#2733,#4601);
#5180 = PRESENTATION_STYLE_ASSIGNMENT((#5181));
#5181 = SURFACE_STYLE_USAGE(.BOTH.,#5182);
#5182 = SURFACE_SIDE_STYLE('',(#5183));
#5183 = SURFACE_STYLE_FILL_AREA(#5184);
#5184 = FILL_AREA_STYLE('',(#5185));
#5185 = FILL_AREA_STYLE_COLOUR('',#4618);
#5186 = OVER_RIDING_STYLED_ITEM('overriding color',(#5187),#2757,#4601);
#5187 = PRESENTATION_STYLE_ASSIGNMENT((#5188));
#5188 = SURFACE_STYLE_USAGE(.BOTH.,#5189);
#5189 = SURFACE_SIDE_STYLE('',(#5190));
#5190 = SURFACE_STYLE_FILL_AREA(#5191);
#5191 = FILL_AREA_STYLE('',(#5192));
#5192 = FILL_AREA_STYLE_COLOUR('',#4618);
#5193 = OVER_RIDING_STYLED_ITEM('overriding color',(#5194),#2799,#4601);
#5194 = PRESENTATION_STYLE_ASSIGNMENT((#5195));
#5195 = SURFACE_STYLE_USAGE(.BOTH.,#5196);
#5196 = SURFACE_SIDE_STYLE('',(#5197));
#5197 = SURFACE_STYLE_FILL_AREA(#5198);
#5198 = FILL_AREA_STYLE('',(#5199));
#5199 = FILL_AREA_STYLE_COLOUR('',#4618);
#5200 = OVER_RIDING_STYLED_ITEM('overriding color',(#5201),#2823,#4601);
#5201 = PRESENTATION_STYLE_ASSIGNMENT((#5202));
#5202 = SURFACE_STYLE_USAGE(.BOTH.,#5203);
#5203 = SURFACE_SIDE_STYLE('',(#5204));
#5204 = SURFACE_STYLE_FILL_AREA(#5205);
#5205 = FILL_AREA_STYLE('',(#5206));
#5206 = FILL_AREA_STYLE_COLOUR('',#4618);
#5207 = OVER_RIDING_STYLED_ITEM('overriding color',(#5208),#2865,#4601);
#5208 = PRESENTATION_STYLE_ASSIGNMENT((#5209));
#5209 = SURFACE_STYLE_USAGE(.BOTH.,#5210);
#5210 = SURFACE_SIDE_STYLE('',(#5211));
#5211 = SURFACE_STYLE_FILL_AREA(#5212);
#5212 = FILL_AREA_STYLE('',(#5213));
#5213 = FILL_AREA_STYLE_COLOUR('',#4618);
#5214 = OVER_RIDING_STYLED_ITEM('overriding color',(#5215),#2889,#4601);
#5215 = PRESENTATION_STYLE_ASSIGNMENT((#5216));
#5216 = SURFACE_STYLE_USAGE(.BOTH.,#5217);
#5217 = SURFACE_SIDE_STYLE('',(#5218));
#5218 = SURFACE_STYLE_FILL_AREA(#5219);
#5219 = FILL_AREA_STYLE('',(#5220));
#5220 = FILL_AREA_STYLE_COLOUR('',#4618);
#5221 = OVER_RIDING_STYLED_ITEM('overriding color',(#5222),#2931,#4601);
#5222 = PRESENTATION_STYLE_ASSIGNMENT((#5223));
#5223 = SURFACE_STYLE_USAGE(.BOTH.,#5224);
#5224 = SURFACE_SIDE_STYLE('',(#5225));
#5225 = SURFACE_STYLE_FILL_AREA(#5226);
#5226 = FILL_AREA_STYLE('',(#5227));
#5227 = FILL_AREA_STYLE_COLOUR('',#4618);
#5228 = OVER_RIDING_STYLED_ITEM('overriding color',(#5229),#2955,#4601);
#5229 = PRESENTATION_STYLE_ASSIGNMENT((#5230));
#5230 = SURFACE_STYLE_USAGE(.BOTH.,#5231);
#5231 = SURFACE_SIDE_STYLE('',(#5232));
#5232 = SURFACE_STYLE_FILL_AREA(#5233);
#5233 = FILL_AREA_STYLE('',(#5234));
#5234 = FILL_AREA_STYLE_COLOUR('',#4618);
#5235 = OVER_RIDING_STYLED_ITEM('overriding color',(#5236),#2997,#4601);
#5236 = PRESENTATION_STYLE_ASSIGNMENT((#5237));
#5237 = SURFACE_STYLE_USAGE(.BOTH.,#5238);
#5238 = SURFACE_SIDE_STYLE('',(#5239));
#5239 = SURFACE_STYLE_FILL_AREA(#5240);
#5240 = FILL_AREA_STYLE('',(#5241));
#5241 = FILL_AREA_STYLE_COLOUR('',#4618);
#5242 = OVER_RIDING_STYLED_ITEM('overriding color',(#5243),#3021,#4601);
#5243 = PRESENTATION_STYLE_ASSIGNMENT((#5244));
#5244 = SURFACE_STYLE_USAGE(.BOTH.,#5245);
#5245 = SURFACE_SIDE_STYLE('',(#5246));
#5246 = SURFACE_STYLE_FILL_AREA(#5247);
#5247 = FILL_AREA_STYLE('',(#5248));
#5248 = FILL_AREA_STYLE_COLOUR('',#4618);
#5249 = OVER_RIDING_STYLED_ITEM('overriding color',(#5250),#3063,#4601);
#5250 = PRESENTATION_STYLE_ASSIGNMENT((#5251));
#5251 = SURFACE_STYLE_USAGE(.BOTH.,#5252);
#5252 = SURFACE_SIDE_STYLE('',(#5253));
#5253 = SURFACE_STYLE_FILL_AREA(#5254);
#5254 = FILL_AREA_STYLE('',(#5255));
#5255 = FILL_AREA_STYLE_COLOUR('',#4618);
#5256 = OVER_RIDING_STYLED_ITEM('overriding color',(#5257),#3087,#4601);
#5257 = PRESENTATION_STYLE_ASSIGNMENT((#5258));
#5258 = SURFACE_STYLE_USAGE(.BOTH.,#5259);
#5259 = SURFACE_SIDE_STYLE('',(#5260));
#5260 = SURFACE_STYLE_FILL_AREA(#5261);
#5261 = FILL_AREA_STYLE('',(#5262));
#5262 = FILL_AREA_STYLE_COLOUR('',#4618);
#5263 = OVER_RIDING_STYLED_ITEM('overriding color',(#5264),#3129,#4601);
#5264 = PRESENTATION_STYLE_ASSIGNMENT((#5265));
#5265 = SURFACE_STYLE_USAGE(.BOTH.,#5266);
#5266 = SURFACE_SIDE_STYLE('',(#5267));
#5267 = SURFACE_STYLE_FILL_AREA(#5268);
#5268 = FILL_AREA_STYLE('',(#5269));
#5269 = FILL_AREA_STYLE_COLOUR('',#4618);
#5270 = OVER_RIDING_STYLED_ITEM('overriding color',(#5271),#3153,#4601);
#5271 = PRESENTATION_STYLE_ASSIGNMENT((#5272));
#5272 = SURFACE_STYLE_USAGE(.BOTH.,#5273);
#5273 = SURFACE_SIDE_STYLE('',(#5274));
#5274 = SURFACE_STYLE_FILL_AREA(#5275);
#5275 = FILL_AREA_STYLE('',(#5276));
#5276 = FILL_AREA_STYLE_COLOUR('',#4618);
#5277 = OVER_RIDING_STYLED_ITEM('overriding color',(#5278),#3195,#4601);
#5278 = PRESENTATION_STYLE_ASSIGNMENT((#5279));
#5279 = SURFACE_STYLE_USAGE(.BOTH.,#5280);
#5280 = SURFACE_SIDE_STYLE('',(#5281));
#5281 = SURFACE_STYLE_FILL_AREA(#5282);
#5282 = FILL_AREA_STYLE('',(#5283));
#5283 = FILL_AREA_STYLE_COLOUR('',#4618);
#5284 = OVER_RIDING_STYLED_ITEM('overriding color',(#5285),#3219,#4601);
#5285 = PRESENTATION_STYLE_ASSIGNMENT((#5286));
#5286 = SURFACE_STYLE_USAGE(.BOTH.,#5287);
#5287 = SURFACE_SIDE_STYLE('',(#5288));
#5288 = SURFACE_STYLE_FILL_AREA(#5289);
#5289 = FILL_AREA_STYLE('',(#5290));
#5290 = FILL_AREA_STYLE_COLOUR('',#4618);
#5291 = OVER_RIDING_STYLED_ITEM('overriding color',(#5292),#3259,#4601);
#5292 = PRESENTATION_STYLE_ASSIGNMENT((#5293));
#5293 = SURFACE_STYLE_USAGE(.BOTH.,#5294);
#5294 = SURFACE_SIDE_STYLE('',(#5295));
#5295 = SURFACE_STYLE_FILL_AREA(#5296);
#5296 = FILL_AREA_STYLE('',(#5297));
#5297 = FILL_AREA_STYLE_COLOUR('',#4618);
#5298 = OVER_RIDING_STYLED_ITEM('overriding color',(#5299),#3292,#4601);
#5299 = PRESENTATION_STYLE_ASSIGNMENT((#5300));
#5300 = SURFACE_STYLE_USAGE(.BOTH.,#5301);
#5301 = SURFACE_SIDE_STYLE('',(#5302));
#5302 = SURFACE_STYLE_FILL_AREA(#5303);
#5303 = FILL_AREA_STYLE('',(#5304));
#5304 = FILL_AREA_STYLE_COLOUR('',#4618);
#5305 = OVER_RIDING_STYLED_ITEM('overriding color',(#5306),#3323,#4601);
#5306 = PRESENTATION_STYLE_ASSIGNMENT((#5307));
#5307 = SURFACE_STYLE_USAGE(.BOTH.,#5308);
#5308 = SURFACE_SIDE_STYLE('',(#5309));
#5309 = SURFACE_STYLE_FILL_AREA(#5310);
#5310 = FILL_AREA_STYLE('',(#5311));
#5311 = FILL_AREA_STYLE_COLOUR('',#4618);
#5312 = OVER_RIDING_STYLED_ITEM('overriding color',(#5313),#3347,#4601);
#5313 = PRESENTATION_STYLE_ASSIGNMENT((#5314));
#5314 = SURFACE_STYLE_USAGE(.BOTH.,#5315);
#5315 = SURFACE_SIDE_STYLE('',(#5316));
#5316 = SURFACE_STYLE_FILL_AREA(#5317);
#5317 = FILL_AREA_STYLE('',(#5318));
#5318 = FILL_AREA_STYLE_COLOUR('',#4618);
#5319 = OVER_RIDING_STYLED_ITEM('overriding color',(#5320),#3387,#4601);
#5320 = PRESENTATION_STYLE_ASSIGNMENT((#5321));
#5321 = SURFACE_STYLE_USAGE(.BOTH.,#5322);
#5322 = SURFACE_SIDE_STYLE('',(#5323));
#5323 = SURFACE_STYLE_FILL_AREA(#5324);
#5324 = FILL_AREA_STYLE('',(#5325));
#5325 = FILL_AREA_STYLE_COLOUR('',#4618);
#5326 = OVER_RIDING_STYLED_ITEM('overriding color',(#5327),#3420,#4601);
#5327 = PRESENTATION_STYLE_ASSIGNMENT((#5328));
#5328 = SURFACE_STYLE_USAGE(.BOTH.,#5329);
#5329 = SURFACE_SIDE_STYLE('',(#5330));
#5330 = SURFACE_STYLE_FILL_AREA(#5331);
#5331 = FILL_AREA_STYLE('',(#5332));
#5332 = FILL_AREA_STYLE_COLOUR('',#4618);
#5333 = OVER_RIDING_STYLED_ITEM('overriding color',(#5334),#3451,#4601);
#5334 = PRESENTATION_STYLE_ASSIGNMENT((#5335));
#5335 = SURFACE_STYLE_USAGE(.BOTH.,#5336);
#5336 = SURFACE_SIDE_STYLE('',(#5337));
#5337 = SURFACE_STYLE_FILL_AREA(#5338);
#5338 = FILL_AREA_STYLE('',(#5339));
#5339 = FILL_AREA_STYLE_COLOUR('',#4618);
#5340 = OVER_RIDING_STYLED_ITEM('overriding color',(#5341),#3475,#4601);
#5341 = PRESENTATION_STYLE_ASSIGNMENT((#5342));
#5342 = SURFACE_STYLE_USAGE(.BOTH.,#5343);
#5343 = SURFACE_SIDE_STYLE('',(#5344));
#5344 = SURFACE_STYLE_FILL_AREA(#5345);
#5345 = FILL_AREA_STYLE('',(#5346));
#5346 = FILL_AREA_STYLE_COLOUR('',#4618);
#5347 = OVER_RIDING_STYLED_ITEM('overriding color',(#5348),#3515,#4601);
#5348 = PRESENTATION_STYLE_ASSIGNMENT((#5349));
#5349 = SURFACE_STYLE_USAGE(.BOTH.,#5350);
#5350 = SURFACE_SIDE_STYLE('',(#5351));
#5351 = SURFACE_STYLE_FILL_AREA(#5352);
#5352 = FILL_AREA_STYLE('',(#5353));
#5353 = FILL_AREA_STYLE_COLOUR('',#4618);
#5354 = OVER_RIDING_STYLED_ITEM('overriding color',(#5355),#3548,#4601);
#5355 = PRESENTATION_STYLE_ASSIGNMENT((#5356));
#5356 = SURFACE_STYLE_USAGE(.BOTH.,#5357);
#5357 = SURFACE_SIDE_STYLE('',(#5358));
#5358 = SURFACE_STYLE_FILL_AREA(#5359);
#5359 = FILL_AREA_STYLE('',(#5360));
#5360 = FILL_AREA_STYLE_COLOUR('',#4618);
#5361 = OVER_RIDING_STYLED_ITEM('overriding color',(#5362),#3579,#4601);
#5362 = PRESENTATION_STYLE_ASSIGNMENT((#5363));
#5363 = SURFACE_STYLE_USAGE(.BOTH.,#5364);
#5364 = SURFACE_SIDE_STYLE('',(#5365));
#5365 = SURFACE_STYLE_FILL_AREA(#5366);
#5366 = FILL_AREA_STYLE('',(#5367));
#5367 = FILL_AREA_STYLE_COLOUR('',#4618);
#5368 = OVER_RIDING_STYLED_ITEM('overriding color',(#5369),#3603,#4601);
#5369 = PRESENTATION_STYLE_ASSIGNMENT((#5370));
#5370 = SURFACE_STYLE_USAGE(.BOTH.,#5371);
#5371 = SURFACE_SIDE_STYLE('',(#5372));
#5372 = SURFACE_STYLE_FILL_AREA(#5373);
#5373 = FILL_AREA_STYLE('',(#5374));
#5374 = FILL_AREA_STYLE_COLOUR('',#4618);
#5375 = OVER_RIDING_STYLED_ITEM('overriding color',(#5376),#3645,#4601);
#5376 = PRESENTATION_STYLE_ASSIGNMENT((#5377));
#5377 = SURFACE_STYLE_USAGE(.BOTH.,#5378);
#5378 = SURFACE_SIDE_STYLE('',(#5379));
#5379 = SURFACE_STYLE_FILL_AREA(#5380);
#5380 = FILL_AREA_STYLE('',(#5381));
#5381 = FILL_AREA_STYLE_COLOUR('',#4618);
#5382 = OVER_RIDING_STYLED_ITEM('overriding color',(#5383),#3669,#4601);
#5383 = PRESENTATION_STYLE_ASSIGNMENT((#5384));
#5384 = SURFACE_STYLE_USAGE(.BOTH.,#5385);
#5385 = SURFACE_SIDE_STYLE('',(#5386));
#5386 = SURFACE_STYLE_FILL_AREA(#5387);
#5387 = FILL_AREA_STYLE('',(#5388));
#5388 = FILL_AREA_STYLE_COLOUR('',#4618);
#5389 = OVER_RIDING_STYLED_ITEM('overriding color',(#5390),#3711,#4601);
#5390 = PRESENTATION_STYLE_ASSIGNMENT((#5391));
#5391 = SURFACE_STYLE_USAGE(.BOTH.,#5392);
#5392 = SURFACE_SIDE_STYLE('',(#5393));
#5393 = SURFACE_STYLE_FILL_AREA(#5394);
#5394 = FILL_AREA_STYLE('',(#5395));
#5395 = FILL_AREA_STYLE_COLOUR('',#4618);
#5396 = OVER_RIDING_STYLED_ITEM('overriding color',(#5397),#3735,#4601);
#5397 = PRESENTATION_STYLE_ASSIGNMENT((#5398));
#5398 = SURFACE_STYLE_USAGE(.BOTH.,#5399);
#5399 = SURFACE_SIDE_STYLE('',(#5400));
#5400 = SURFACE_STYLE_FILL_AREA(#5401);
#5401 = FILL_AREA_STYLE('',(#5402));
#5402 = FILL_AREA_STYLE_COLOUR('',#4618);
#5403 = OVER_RIDING_STYLED_ITEM('overriding color',(#5404),#3777,#4601);
#5404 = PRESENTATION_STYLE_ASSIGNMENT((#5405));
#5405 = SURFACE_STYLE_USAGE(.BOTH.,#5406);
#5406 = SURFACE_SIDE_STYLE('',(#5407));
#5407 = SURFACE_STYLE_FILL_AREA(#5408);
#5408 = FILL_AREA_STYLE('',(#5409));
#5409 = FILL_AREA_STYLE_COLOUR('',#4618);
#5410 = OVER_RIDING_STYLED_ITEM('overriding color',(#5411),#3801,#4601);
#5411 = PRESENTATION_STYLE_ASSIGNMENT((#5412));
#5412 = SURFACE_STYLE_USAGE(.BOTH.,#5413);
#5413 = SURFACE_SIDE_STYLE('',(#5414));
#5414 = SURFACE_STYLE_FILL_AREA(#5415);
#5415 = FILL_AREA_STYLE('',(#5416));
#5416 = FILL_AREA_STYLE_COLOUR('',#4618);
#5417 = OVER_RIDING_STYLED_ITEM('overriding color',(#5418),#3843,#4601);
#5418 = PRESENTATION_STYLE_ASSIGNMENT((#5419));
#5419 = SURFACE_STYLE_USAGE(.BOTH.,#5420);
#5420 = SURFACE_SIDE_STYLE('',(#5421));
#5421 = SURFACE_STYLE_FILL_AREA(#5422);
#5422 = FILL_AREA_STYLE('',(#5423));
#5423 = FILL_AREA_STYLE_COLOUR('',#4618);
#5424 = OVER_RIDING_STYLED_ITEM('overriding color',(#5425),#3867,#4601);
#5425 = PRESENTATION_STYLE_ASSIGNMENT((#5426));
#5426 = SURFACE_STYLE_USAGE(.BOTH.,#5427);
#5427 = SURFACE_SIDE_STYLE('',(#5428));
#5428 = SURFACE_STYLE_FILL_AREA(#5429);
#5429 = FILL_AREA_STYLE('',(#5430));
#5430 = FILL_AREA_STYLE_COLOUR('',#4618);
#5431 = OVER_RIDING_STYLED_ITEM('overriding color',(#5432),#3909,#4601);
#5432 = PRESENTATION_STYLE_ASSIGNMENT((#5433));
#5433 = SURFACE_STYLE_USAGE(.BOTH.,#5434);
#5434 = SURFACE_SIDE_STYLE('',(#5435));
#5435 = SURFACE_STYLE_FILL_AREA(#5436);
#5436 = FILL_AREA_STYLE('',(#5437));
#5437 = FILL_AREA_STYLE_COLOUR('',#4618);
#5438 = OVER_RIDING_STYLED_ITEM('overriding color',(#5439),#3933,#4601);
#5439 = PRESENTATION_STYLE_ASSIGNMENT((#5440));
#5440 = SURFACE_STYLE_USAGE(.BOTH.,#5441);
#5441 = SURFACE_SIDE_STYLE('',(#5442));
#5442 = SURFACE_STYLE_FILL_AREA(#5443);
#5443 = FILL_AREA_STYLE('',(#5444));
#5444 = FILL_AREA_STYLE_COLOUR('',#4618);
#5445 = OVER_RIDING_STYLED_ITEM('overriding color',(#5446),#3975,#4601);
#5446 = PRESENTATION_STYLE_ASSIGNMENT((#5447));
#5447 = SURFACE_STYLE_USAGE(.BOTH.,#5448);
#5448 = SURFACE_SIDE_STYLE('',(#5449));
#5449 = SURFACE_STYLE_FILL_AREA(#5450);
#5450 = FILL_AREA_STYLE('',(#5451));
#5451 = FILL_AREA_STYLE_COLOUR('',#4618);


ENDSEC;
END-ISO-10303-21;